2P,2P%,2PA,3P,3P%,3PA,AST,Age,BLK,DRB,FG,FG%,FGA,FT,FT%,FTA,G,GS,MP,ORB,PF,PTS,Player,Pos,Rk,STL,TOV,TRB,Tm,eFG%,player_key
5.4,0.628,8.6,0.9,0.347,2.5,3.0,27.0,0.8,4.1,6.3,0.564,11.2,2.8,0.608,4.6,68.0,68.0,30.2,2.4,1.9,16.3,Aaron Gordon,PF,169.0,0.8,1.4,6.6,DEN,0.603,aaron gordon
0.9,0.424,2.1,0.6,0.409,1.4,1.4,26.0,0.2,0.8,1.5,0.418,3.5,0.4,0.844,0.5,63.0,6.0,13.4,0.4,1.3,3.9,Aaron Holiday,PG,213.0,0.6,0.6,1.2,ATL,0.5,aaron holiday
1.9,0.496,3.8,1.6,0.366,4.3,1.3,23.0,0.5,2.9,3.5,0.427,8.1,1.6,0.838,1.9,73.0,60.0,24.9,0.8,3.2,10.1,Aaron Nesmith,SF,358.0,0.8,1.0,3.8,IND,0.525,aaron nesmith
2.0,0.573,3.4,0.7,0.393,1.7,1.1,24.0,0.2,2.0,2.7,0.512,5.2,0.8,0.831,1.0,70.0,14.0,18.5,1.0,1.6,6.8,Aaron Wiggins,SG,512.0,0.6,0.8,3.0,OKC,0.579,aaron wiggins
0.8,0.646,1.3,0.6,0.324,2.0,0.8,25.0,0.1,1.1,1.5,0.451,3.3,0.6,0.913,0.6,37.0,0.0,12.2,0.6,1.6,4.2,Admiral Schofield,PF,433.0,0.2,0.4,1.7,ORL,0.549,admiral schofield
2.0,0.536,3.8,1.4,0.39,3.6,1.0,19.0,0.2,1.6,3.4,0.465,7.4,0.6,0.894,0.7,72.0,12.0,19.5,0.5,1.2,8.9,AJ Griffin,SF,182.0,0.6,0.6,2.1,ATL,0.56,aj griffin
1.3,0.539,2.4,2.3,0.446,5.2,3.0,36.0,1.0,5.0,3.6,0.476,7.6,0.2,0.714,0.3,63.0,63.0,30.5,1.2,1.9,9.8,Al Horford,C,217.0,0.5,0.6,6.2,BOS,0.627,al horford
2.0,0.459,4.3,1.9,0.414,4.7,2.2,31.0,0.2,2.7,3.9,0.436,9.0,3.0,0.814,3.7,51.0,8.0,22.0,0.4,1.9,12.8,Alec Burks,SG,72.0,0.7,1.1,3.1,DET,0.544,alec burks
2.1,0.483,4.3,1.1,0.365,3.1,1.9,21.0,1.3,3.4,3.2,0.434,7.3,0.6,0.629,1.0,34.0,25.0,20.6,1.3,1.7,8.1,Aleksej Pokusevski,PF,387.0,0.6,1.3,4.7,OKC,0.51,aleksej pokusevski
1.1,0.556,2.0,0.8,0.364,2.3,2.9,28.0,0.7,2.3,1.9,0.455,4.3,0.9,0.808,1.1,67.0,36.0,23.5,0.6,2.4,5.6,Alex Caruso,PG,86.0,1.5,1.1,2.9,CHI,0.551,alex caruso
0.6,0.571,1.1,0.0,0.0,0.1,0.5,29.0,0.4,1.4,0.6,0.533,1.2,0.4,0.688,0.6,26.0,2.0,6.2,0.9,1.1,1.7,Alex Len,C,287.0,0.2,0.6,2.3,SAC,0.533,alex len
0.8,0.75,1.0,0.0,0.0,0.5,0.3,26.0,0.0,2.0,0.8,0.5,1.5,0.3,0.5,0.5,4.0,0.0,7.5,0.5,0.8,1.8,Alize Johnson,PF,242.0,0.3,1.0,2.5,SAS,0.5,alize johnson
0.0,0.0,0.0,0.0,0.0,0.0,0.0,23.0,0.0,1.0,0.0,0.0,0.0,0.0,0.0,0.0,1.0,0.0,5.0,0.0,1.0,0.0,Alondes Williams,SG,515.0,0.0,2.0,1.0,BRK,0.0,alondes williams
0.9,0.429,2.1,0.2,0.275,0.8,1.1,25.0,0.1,0.7,1.1,0.386,2.9,1.0,0.778,1.3,50.0,9.0,12.5,0.3,1.0,3.4,Amir Coffey,SG,95.0,0.1,0.4,1.1,LAC,0.424,amir coffey
2.5,0.613,4.0,0.0,0.0,0.0,0.5,29.0,0.4,4.6,2.5,0.606,4.1,1.0,0.536,1.9,67.0,0.0,12.7,2.1,1.7,6.0,Andre Drummond,C,133.0,0.7,1.1,6.6,CHI,0.606,andre drummond
0.8,1.0,0.8,0.1,0.111,1.1,2.4,39.0,0.4,1.8,0.9,0.467,1.9,0.3,0.667,0.4,8.0,0.0,14.1,0.4,1.4,2.1,Andre Iguodala,SF,227.0,0.5,1.1,2.1,GSW,0.5,andre iguodala
2.6,0.504,5.1,1.2,0.35,3.5,4.5,23.0,0.2,2.2,3.8,0.441,8.6,0.7,0.79,0.8,75.0,63.0,27.6,0.5,2.4,9.5,Andrew Nembhard,SG,357.0,0.9,1.7,2.7,IND,0.512,andrew nembhard
4.4,0.53,8.2,2.4,0.396,6.1,2.3,27.0,0.8,3.4,6.8,0.473,14.3,1.2,0.611,1.9,37.0,37.0,32.2,1.6,2.9,17.1,Andrew Wiggins,SF,513.0,1.2,1.3,5.0,GSW,0.557,andrew wiggins
4.1,0.528,7.8,3.4,0.377,9.1,4.1,23.0,0.2,2.3,7.5,0.447,16.9,2.6,0.894,2.9,62.0,62.0,35.0,0.3,2.3,21.1,Anfernee Simons,SG,447.0,0.7,2.1,2.6,POR,0.548,anfernee simons
9.3,0.589,15.9,0.3,0.257,1.3,2.6,29.0,2.0,9.1,9.7,0.563,17.2,6.2,0.784,7.9,56.0,54.0,34.0,3.5,2.6,25.9,Anthony Davis,C,110.0,1.1,2.2,12.5,LAL,0.573,anthony davis
6.3,0.513,12.2,2.7,0.369,7.3,4.4,21.0,0.7,5.2,8.9,0.459,19.5,4.0,0.756,5.3,79.0,79.0,36.0,0.6,2.4,24.6,Anthony Edwards,SG,140.0,1.6,3.3,5.8,MIN,0.528,anthony edwards
1.1,0.65,1.7,0.1,0.138,0.5,0.6,30.0,0.2,1.1,1.2,0.538,2.2,0.8,0.731,1.1,59.0,8.0,10.6,0.6,1.2,3.3,Anthony Gill,PF,165.0,0.1,0.3,1.7,WAS,0.553,anthony gill
1.2,0.652,1.9,1.2,0.367,3.2,1.5,25.0,0.3,2.6,2.4,0.471,5.1,0.7,0.767,1.0,62.0,4.0,19.3,0.9,2.2,6.7,Anthony Lamb,SF,279.0,0.5,0.9,3.5,GSW,0.588,anthony lamb
2.7,0.631,4.3,1.3,0.398,3.4,3.4,24.0,0.3,2.5,4.0,0.529,7.7,3.6,0.864,4.1,64.0,22.0,28.8,0.5,1.7,13.0,Austin Reaves,SG,406.0,0.5,1.5,3.0,LAL,0.616,austin reaves
0.9,0.558,1.7,0.8,0.35,2.4,1.4,30.0,0.1,1.5,1.8,0.435,4.0,0.6,0.769,0.8,52.0,10.0,19.5,0.1,1.5,4.9,Austin Rivers,SG,414.0,0.5,0.4,1.6,MIN,0.538,austin rivers
2.8,0.583,4.8,0.7,0.312,2.4,2.6,23.0,0.3,2.2,3.5,0.493,7.1,0.8,0.805,1.0,80.0,51.0,26.2,0.6,2.3,8.6,Ayo Dosunmu,SG,128.0,0.8,1.2,2.8,CHI,0.545,ayo dosunmu
8.0,0.545,14.7,0.0,0.083,0.2,3.2,25.0,0.8,6.7,8.0,0.54,14.9,4.3,0.806,5.4,75.0,75.0,34.6,2.5,2.8,20.4,Bam Adebayo,C,3.0,1.2,2.5,9.2,MIA,0.541,bam adebayo
3.2,0.571,5.5,0.0,0.0,0.0,6.1,26.0,0.6,5.3,3.2,0.566,5.6,0.6,0.439,1.4,42.0,33.0,26.3,1.0,3.3,6.9,Ben Simmons,PG,444.0,1.3,2.3,6.3,BRK,0.566,ben simmons
4.0,0.488,8.2,1.3,0.323,4.0,1.5,20.0,0.2,3.0,5.3,0.434,12.2,4.8,0.828,5.8,78.0,17.0,28.5,1.1,2.1,16.7,Bennedict Mathurin,SF,314.0,0.6,1.9,4.1,IND,0.487,bennedict mathurin
2.0,0.578,3.4,0.0,0.0,0.0,0.9,30.0,1.4,2.8,2.0,0.578,3.4,0.4,0.357,1.1,61.0,14.0,14.3,1.5,1.9,4.3,Bismack Biyombo,C,43.0,0.3,0.8,4.3,PHO,0.578,bismack biyombo
1.0,0.625,1.6,0.6,0.348,1.6,1.5,33.0,0.2,2.6,1.5,0.485,3.2,0.5,0.656,0.8,41.0,16.0,13.9,1.1,1.8,4.1,Blake Griffin,C,183.0,0.3,0.5,3.8,BOS,0.573,blake griffin
1.3,0.301,4.4,0.5,0.385,1.4,2.7,19.0,0.1,1.9,1.9,0.321,5.8,0.7,0.591,1.2,37.0,1.0,18.1,0.3,1.8,5.0,Blake Wesley,SG,506.0,0.7,1.8,2.2,SAS,0.367,blake wesley
4.3,0.555,7.8,1.4,0.37,3.7,1.5,27.0,0.2,7.4,5.7,0.496,11.5,1.4,0.768,1.8,70.0,22.0,26.0,2.2,1.6,14.1,Bobby Portis,PF,392.0,0.4,1.2,9.6,MIL,0.555,bobby portis
3.3,0.633,5.2,0.4,0.265,1.6,1.0,23.0,1.2,4.8,3.7,0.546,6.8,1.2,0.759,1.5,70.0,33.0,21.5,1.0,1.3,9.1,Bol Bol,PF,47.0,0.4,1.6,5.8,ORL,0.577,bol bol
2.033333333333333,0.43966666666666665,4.566666666666666,2.066666666666667,0.3666666666666667,5.533333333333334,3.1666666666666665,22.0,0.2333333333333333,2.2333333333333334,4.033333333333333,0.39966666666666667,10.1,1.4333333333333333,0.8196666666666667,1.7333333333333334,37.333333333333336,0.6666666666666666,19.266666666666666,0.43333333333333335,1.8,11.566666666666668,Bones Hyland,PG,225.0,0.7333333333333334,1.4000000000000001,2.6333333333333333,TOT,0.5003333333333333,bones hyland
7.3,0.552,13.2,1.6,0.365,4.4,5.4,29.0,0.7,3.1,8.9,0.506,17.6,3.8,0.842,4.6,50.0,50.0,33.5,0.8,2.1,23.2,Bradley Beal,SG,35.0,0.9,2.9,3.9,WAS,0.551,bradley beal
4.1,0.665,6.1,0.0,0.167,0.1,1.3,26.0,0.7,3.9,4.1,0.656,6.2,1.8,0.723,2.4,56.0,8.0,19.5,1.6,2.3,10.0,Brandon Clarke,PF,92.0,0.6,1.0,5.5,MEM,0.658,brandon clarke
7.6,0.507,14.9,1.4,0.39,3.6,5.8,25.0,0.4,5.0,9.0,0.484,18.6,5.3,0.882,6.0,45.0,45.0,34.2,0.5,2.6,24.7,Brandon Ingram,SF,229.0,0.7,3.3,5.5,NOP,0.522,brandon ingram
0.3,1.0,0.3,0.0,0.0,0.0,0.0,25.0,0.0,0.3,0.3,1.0,0.3,0.7,1.0,0.7,3.0,0.0,3.0,0.0,0.0,1.3,Braxton Key,SF,266.0,0.0,0.0,0.3,DET,1.0,braxton key
4.4,0.637,6.9,1.7,0.374,4.7,1.3,34.0,2.5,4.7,6.1,0.531,11.5,1.9,0.784,2.4,78.0,78.0,30.4,2.0,2.6,15.9,Brook Lopez,C,297.0,0.5,1.4,6.7,MIL,0.606,brook lopez
3.3,0.548,6.1,1.1,0.358,3.2,3.4,26.0,0.6,3.3,4.5,0.483,9.3,1.5,0.758,1.9,80.0,31.0,28.5,0.8,2.4,11.5,Bruce Brown,SG,62.0,1.1,1.5,4.1,DEN,0.545,bruce brown
1.4666666666666668,0.5853333333333334,2.6,0.0,0.0,0.16666666666666666,0.6333333333333334,24.0,0.7666666666666666,1.8666666666666665,1.4666666666666668,0.5406666666666666,2.766666666666667,0.8333333333333334,0.7383333333333333,1.1666666666666667,26.0,2.6666666666666665,9.066666666666666,1.2333333333333334,1.6333333333333335,3.8000000000000003,Bruno Fernando,C,145.0,0.13333333333333333,0.6,3.1,TOT,0.5406666666666666,bruno fernando
1.2,0.443,2.7,0.6,0.325,1.7,1.2,20.0,0.1,1.6,1.7,0.396,4.4,1.3,0.75,1.7,46.0,7.0,17.1,0.4,1.0,5.3,Bryce McGowens,SG,326.0,0.3,0.9,2.0,CHO,0.46,bryce mcgowens
0.6,0.432,1.5,0.6,0.304,1.8,0.7,29.0,0.1,0.4,1.2,0.361,3.3,0.6,1.0,0.6,25.0,0.0,10.7,0.2,0.9,3.6,Bryn Forbes,SG,149.0,0.3,0.5,0.6,MIN,0.446,bryn forbes
0.1,0.5,0.2,0.4,0.16,2.5,0.4,23.0,0.0,0.4,0.5,0.185,2.7,0.2,1.0,0.2,10.0,0.0,9.0,0.2,0.6,1.6,Buddy Boeheim,PG,44.0,0.2,0.0,0.6,DET,0.259,buddy boeheim
2.3,0.518,4.5,3.6,0.425,8.5,2.8,30.0,0.3,4.2,5.9,0.458,13.0,1.3,0.822,1.6,80.0,73.0,31.0,0.8,2.0,16.8,Buddy Hield,SF,209.0,1.2,1.7,5.0,IND,0.596,buddy hield
6.3,0.466,13.6,1.4,0.279,5.1,6.0,21.0,0.6,5.2,7.8,0.415,18.7,3.0,0.837,3.6,12.0,12.0,33.3,1.0,2.8,19.9,Cade Cunningham,PG,106.0,0.8,3.3,6.2,DET,0.453,cade cunningham
0.4,0.435,0.9,0.9,0.338,2.7,0.6,20.0,0.1,1.3,1.3,0.363,3.6,0.3,0.833,0.4,51.0,4.0,15.9,0.7,1.2,3.8,Caleb Houstan,SF,220.0,0.2,0.4,1.9,ORL,0.489,caleb houstan
2.4,0.545,4.4,1.2,0.356,3.3,1.6,27.0,0.4,3.6,3.6,0.464,7.7,1.3,0.805,1.6,71.0,49.0,29.3,1.2,2.0,9.6,Caleb Martin,PF,309.0,1.0,1.1,4.8,MIA,0.54,caleb martin
2.3666666666666667,0.5593333333333333,4.2,1.1333333333333333,0.3116666666666667,3.6,1.4333333333333333,23.0,0.3666666666666667,1.7666666666666666,3.5,0.446,7.8,1.6333333333333335,0.855,1.9000000000000001,26.666666666666668,13.333333333333334,24.766666666666666,0.5,1.8,9.700000000000001,Cam Reddish,SF,407.0,1.0,1.2,2.2333333333333334,TOT,0.5173333333333333,cam reddish
2.6,0.464,5.7,0.9,0.383,2.3,1.4,21.0,0.1,1.5,3.5,0.441,8.0,2.6,0.868,3.1,57.0,4.0,16.6,0.1,1.0,10.6,Cam Thomas,SG,470.0,0.4,1.1,1.7,BRK,0.497,cam thomas
2.8000000000000003,0.54,5.133333333333334,2.466666666666667,0.4103333333333334,6.033333333333334,1.8333333333333333,26.0,0.3333333333333333,3.533333333333333,5.233333333333333,0.4706666666666666,11.166666666666666,2.3333333333333335,0.8370000000000001,2.766666666666667,28.0,27.333333333333332,28.166666666666668,0.8000000000000002,1.9666666666666668,15.333333333333334,Cameron Johnson,PF,243.0,1.1666666666666667,0.8666666666666667,4.333333333333333,TOT,0.5826666666666666,cameron johnson
2.5,0.448,5.6,1.4,0.368,3.9,4.5,28.0,0.2,2.0,3.9,0.415,9.4,1.0,0.766,1.3,48.0,15.0,20.2,0.3,1.8,10.3,Cameron Payne,PG,381.0,0.7,1.7,2.2,PHO,0.49,cameron payne
2.6,0.462,5.6,1.7,0.392,4.4,3.9,28.0,0.3,3.1,4.3,0.431,10.0,1.8,0.722,2.4,74.0,30.0,30.2,0.7,2.3,12.1,Caris LeVert,SG,290.0,1.0,1.6,3.8,CLE,0.517,caris levert
0.4,0.333,1.3,0.4,0.5,0.9,0.9,25.0,0.0,0.6,0.9,0.4,2.1,0.7,0.625,1.1,7.0,0.0,8.0,0.1,0.3,2.9,Carlik Jones,PG,250.0,0.3,0.3,0.7,CHI,0.5,carlik jones
1.6,0.564,2.8,1.5,0.372,4.1,1.5,27.0,0.1,2.0,3.1,0.451,6.9,1.0,0.694,1.4,77.0,2.0,20.1,0.3,1.6,8.7,Cedi Osman,SF,378.0,0.5,0.7,2.3,CLE,0.56,cedi osman
2.4,0.661,3.6,0.1,0.375,0.2,1.3,22.0,0.9,3.4,2.5,0.644,3.9,0.6,0.595,1.1,35.0,2.0,14.5,2.1,2.1,5.7,Charles Bassey,C,31.0,0.5,1.2,5.5,SAS,0.656,charles bassey
0.5,0.5,1.0,0.0,0.0,0.0,0.5,27.0,0.0,0.0,0.5,0.5,1.0,0.0,0.0,1.0,2.0,0.0,4.0,1.0,1.0,1.0,Chima Moneke,SF,341.0,0.0,1.0,1.0,SAC,0.5,chima moneke
1.8,0.663,2.7,0.1,0.237,0.6,0.6,25.0,0.3,2.3,2.0,0.589,3.3,0.8,0.74,1.1,66.0,0.0,10.4,0.7,1.2,4.9,Chimezie Metu,C,331.0,0.3,0.5,3.0,SAC,0.61,chimezie metu
2.6,0.585,4.5,0.8,0.328,2.5,0.4,30.0,0.8,3.5,3.4,0.493,7.0,1.7,0.762,2.2,76.0,0.0,20.0,2.1,1.9,9.4,Chris Boucher,PF,51.0,0.6,0.5,5.5,TOR,0.552,chris boucher
1.5,0.428,3.5,1.2,0.316,3.8,1.4,25.0,0.2,2.1,2.7,0.369,7.2,1.3,0.847,1.6,46.0,12.0,19.5,0.4,1.4,7.9,Chris Duarte,SF,134.0,0.5,0.9,2.5,IND,0.452,chris duarte
3.3,0.482,6.9,1.7,0.375,4.4,8.9,37.0,0.4,3.8,5.0,0.44,11.3,2.3,0.831,2.7,59.0,59.0,32.0,0.5,2.1,13.9,Chris Paul,PG,380.0,1.5,1.9,4.3,PHO,0.513,chris paul
1.0,1.0,1.0,0.0,0.0,0.0,0.0,26.0,0.0,0.0,1.0,1.0,1.0,0.0,0.0,0.0,1.0,0.0,3.0,0.0,2.0,2.0,Chris Silva,PF,443.0,0.0,1.0,0.0,DAL,1.0,chris silva
1.4,0.565,2.5,0.4,0.354,1.3,0.8,21.0,0.2,1.8,1.9,0.495,3.8,0.5,0.625,0.8,76.0,6.0,15.5,0.6,1.3,4.7,Christian Braun,SG,57.0,0.5,0.5,2.4,DEN,0.554,christian braun
1.2,0.514,2.4,0.0,0.083,0.2,0.5,22.0,1.0,1.5,1.2,0.48,2.6,0.6,0.627,1.0,58.0,19.0,13.8,1.4,2.2,3.1,Christian Koloko,C,272.0,0.4,0.3,2.9,TOR,0.483,christian koloko
4.3,0.594,7.3,1.6,0.376,4.2,1.8,27.0,1.1,6.0,5.9,0.515,11.5,3.2,0.772,4.2,67.0,17.0,25.9,1.3,2.5,16.6,Christian Wood,C,531.0,0.4,1.8,7.3,DAL,0.583,christian wood
0.6,0.472,1.3,1.0,0.302,3.2,1.4,24.0,0.4,2.6,1.6,0.352,4.5,0.6,0.762,0.8,27.0,8.0,19.2,1.0,1.5,4.7,Chuma Okeke,SF,370.0,0.7,0.6,3.6,ORL,0.459,chuma okeke
5.0,0.469,10.7,2.8,0.389,7.2,5.7,31.0,0.5,3.6,7.8,0.437,17.9,2.4,0.769,3.2,75.0,75.0,35.3,0.7,2.0,20.9,CJ McCollum,SG,320.0,0.9,2.4,4.4,NOP,0.515,cj mccollum
5.4,0.654,8.2,0.0,0.0,0.0,0.9,28.0,1.2,7.1,5.4,0.653,8.2,1.2,0.603,2.0,65.0,63.0,26.6,4.0,2.1,12.0,Clint Capela,C,81.0,0.7,0.8,11.0,ATL,0.653,clint capela
1.8,0.54,3.4,1.7,0.372,4.6,2.8,22.0,0.1,2.6,3.6,0.443,8.0,0.8,0.871,0.9,74.0,2.0,23.4,0.2,1.6,9.7,Coby White,SG,508.0,0.7,1.0,2.9,CHI,0.551,coby white
1.6,0.5,3.1,0.4,0.214,2.0,1.6,27.0,0.1,2.3,2.0,0.389,5.1,0.6,0.571,1.0,7.0,0.0,19.1,1.1,1.9,5.0,Cody Martin,SF,310.0,0.6,0.3,3.4,CHO,0.431,cody martin
2.5,0.649,3.8,0.0,0.0,0.1,0.7,30.0,0.3,2.6,2.5,0.627,3.9,1.6,0.686,2.3,15.0,2.0,14.5,1.7,2.2,6.5,Cody Zeller,C,538.0,0.2,0.9,4.3,MIA,0.627,cody zeller
3.4,0.5,6.7,1.3,0.364,3.4,3.9,22.0,0.5,4.0,4.6,0.454,10.2,2.5,0.894,2.8,60.0,4.0,25.9,0.8,2.6,13.0,Cole Anthony,PG,13.0,0.6,1.5,4.8,ORL,0.516,cole anthony
0.0,0.0,0.1,0.4,0.375,1.1,0.6,23.0,0.0,0.9,0.4,0.333,1.3,0.0,0.0,0.0,7.0,0.0,5.9,0.1,0.4,1.3,Cole Swider,SF,463.0,0.0,0.0,1.0,LAL,0.5,cole swider
3.9,0.546,7.2,1.0,0.393,2.5,2.9,24.0,0.1,1.4,4.9,0.506,9.8,3.4,0.819,4.1,48.0,15.0,23.9,0.8,2.3,14.3,Collin Sexton,SG,438.0,0.6,1.8,2.2,UTA,0.558,collin sexton
1.7,0.637,2.7,2.2,0.424,5.2,1.2,23.0,0.1,2.4,3.9,0.497,7.9,1.0,0.852,1.2,74.0,45.0,28.3,0.4,1.3,11.1,Corey Kispert,SF,268.0,0.4,0.7,2.8,WAS,0.637,corey kispert
1.3,0.468,2.8,1.1,0.389,2.9,3.5,31.0,0.1,1.4,2.4,0.427,5.7,0.9,0.792,1.2,62.0,2.0,19.8,0.3,1.4,6.9,Cory Joseph,PG,258.0,0.5,0.9,1.7,DET,0.527,cory joseph
3.533333333333333,0.5496666666666666,6.466666666666666,2.7000000000000006,0.4003333333333334,6.8,6.166666666666667,26.0,0.43333333333333335,2.5,6.3,0.4726666666666666,13.299999999999999,2.4,0.8066666666666666,3.0,47.333333333333336,47.333333333333336,32.1,0.4666666666666666,1.8666666666666665,17.7,D'Angelo Russell,PG,426.0,0.9,2.533333333333333,3.0,TOT,0.5756666666666667,d'angelo russell
0.7,0.423,1.7,0.7,0.286,2.5,2.3,20.0,0.1,1.4,1.4,0.342,4.2,0.4,0.667,0.6,57.0,7.0,16.0,0.3,1.0,4.0,Daishen Nix,PG,361.0,0.5,1.5,1.7,HOU,0.426,daishen nix
1.3,0.506,2.5,0.5,0.294,1.6,1.2,23.0,0.4,1.1,1.8,0.423,4.2,0.5,0.708,0.8,31.0,2.0,9.0,0.4,1.1,4.6,Dalano Banton,PG,25.0,0.4,0.6,1.5,TOR,0.481,dalano banton
0.7,0.556,1.2,0.2,0.259,0.7,0.6,20.0,0.1,0.7,0.8,0.444,1.9,0.4,0.667,0.6,38.0,0.0,5.6,0.3,0.6,2.2,Dalen Terry,SG,468.0,0.3,0.2,1.0,CHI,0.493,dalen terry
1.1,0.6513333333333333,1.6666666666666667,0.2333333333333333,0.434,0.39999999999999997,0.39999999999999997,27.0,0.5,2.0,1.3333333333333333,0.6316666666666667,2.1333333333333333,0.5333333333333333,0.7623333333333333,0.7000000000000001,27.333333333333332,0.6666666666666666,11.799999999999999,1.0333333333333334,1.3666666666666665,3.533333333333333,Damian Jones,C,251.0,0.19999999999999998,0.5666666666666667,3.0,TOT,0.6849999999999999,damian jones
5.4,0.574,9.4,4.2,0.371,11.3,7.3,32.0,0.3,4.0,9.6,0.463,20.7,8.8,0.914,9.6,58.0,58.0,36.3,0.8,1.9,32.2,Damian Lillard,PG,292.0,0.9,3.3,4.8,POR,0.564,damian lillard
1.2,0.439,2.8,1.5,0.445,3.3,1.3,30.0,0.1,2.5,2.7,0.442,6.1,1.3,0.904,1.4,74.0,5.0,20.4,0.5,1.6,8.2,Damion Lee,SG,285.0,0.4,1.1,3.0,PHO,0.564,damion lee
3.7,0.732,5.1,0.0,0.0,0.0,1.1,24.0,1.3,3.5,3.7,0.732,5.1,1.6,0.679,2.4,78.0,47.0,20.6,2.1,2.4,9.0,Daniel Gafford,C,156.0,0.4,1.1,5.6,WAS,0.732,daniel gafford
2.7,0.576,4.7,0.3,0.182,1.6,1.3,30.0,0.9,2.1,3.0,0.477,6.3,0.7,0.417,1.7,7.0,1.0,15.6,1.0,1.0,7.0,Daniel Theis,C,469.0,0.3,0.4,3.1,IND,0.5,daniel theis
0.43333333333333335,0.389,1.0666666666666667,1.3666666666666665,0.4183333333333333,3.233333333333333,0.5666666666666667,35.0,0.2333333333333333,1.0,1.8,0.4073333333333333,4.333333333333333,0.06666666666666667,0.6666666666666666,0.06666666666666667,7.333333333333333,0.0,12.9,0.3,1.5999999999999999,5.0,Danny Green,SG,175.0,0.4666666666666666,0.9333333333333332,1.3,TOT,0.564,danny green
1.4666666666666668,0.5139999999999999,2.8333333333333335,0.43333333333333335,0.3423333333333334,1.2,0.9,22.0,0.7666666666666666,2.1999999999999997,1.8666666666666665,0.461,4.1000000000000005,0.7333333333333334,0.49900000000000005,1.3666666666666665,28.666666666666668,0.6666666666666666,12.799999999999999,0.7666666666666666,1.0999999999999999,4.866666666666667,Darius Bazley,PF,34.0,0.4666666666666666,0.6333333333333333,2.966666666666667,TOT,0.5113333333333333,darius bazley
0.5,1.0,0.5,0.8,0.3,2.5,0.3,23.0,0.3,1.3,1.3,0.417,3.0,0.5,1.0,0.5,4.0,0.0,6.3,0.3,0.5,3.8,Darius Days,PF,114.0,0.0,0.0,1.5,HOU,0.542,darius days
5.1,0.492,10.4,2.4,0.41,6.0,7.8,23.0,0.1,2.3,7.6,0.462,16.4,4.0,0.863,4.7,69.0,69.0,35.5,0.4,2.1,21.6,Darius Garland,PG,157.0,1.2,2.9,2.7,CLE,0.537,darius garland
1.6,0.553,3.0,0.9,0.307,3.0,0.8,21.0,0.3,2.0,2.6,0.429,6.0,0.6,0.631,0.9,70.0,4.0,18.0,0.7,1.5,6.7,David Roddy,PF,420.0,0.4,0.8,2.8,MEM,0.506,david roddy
1.5,0.584,2.5,0.8,0.32,2.5,2.3,24.0,0.2,1.1,2.3,0.454,5.0,0.3,0.806,0.4,80.0,9.0,18.1,0.2,1.4,5.6,Davion Mitchell,PG,337.0,0.6,0.8,1.3,SAC,0.533,davion mitchell
0.3,0.513,0.7333333333333334,0.3333333333333333,0.41133333333333333,0.9,0.5,27.0,0.06666666666666667,0.9333333333333335,0.6,0.4653333333333333,1.5999999999999999,0.3,0.5556666666666666,0.5666666666666667,28.666666666666668,0.6666666666666666,6.8,0.19999999999999998,0.7666666666666666,1.8,Davon Reed,SG,408.0,0.3333333333333333,0.3666666666666667,1.1666666666666667,TOT,0.5743333333333333,davon reed
1.8,0.544,3.3,0.1,0.545,0.2,0.8,21.0,0.7,2.1,1.9,0.544,3.6,0.7,0.636,1.1,48.0,3.0,11.5,2.1,1.9,4.7,Day'Ron Sharpe,C,440.0,0.3,0.9,4.2,BRK,0.561,day'ron sharpe
7.7,0.584,13.2,1.6,0.324,5.0,6.1,25.0,0.3,3.6,9.3,0.512,18.2,4.7,0.78,6.0,73.0,73.0,33.4,0.5,2.4,25.0,De'Aaron Fox,PG,153.0,1.1,2.5,4.2,SAC,0.557,de'aaron fox
4.2,0.521,8.0,1.5,0.35,4.3,1.4,25.0,0.3,3.6,5.7,0.461,12.3,2.6,0.826,3.1,67.0,67.0,31.7,0.7,3.0,15.4,De'Andre Hunter,SF,224.0,0.5,1.2,4.2,ATL,0.522,de'andre hunter
1.6,0.484,3.2,2.0,0.39,5.2,2.6,24.0,0.5,3.2,3.6,0.425,8.5,0.9,0.793,1.1,77.0,58.0,27.9,0.9,2.5,10.1,De'Anthony Melton,PG,329.0,1.6,1.3,4.1,PHI,0.546,de'anthony melton
0.6,0.56,1.1,1.0,0.354,2.9,0.8,26.0,0.5,3.0,1.7,0.412,4.0,0.3,0.652,0.5,44.0,13.0,20.3,0.5,2.0,4.7,Dean Wade,PF,490.0,0.6,0.4,3.4,CLE,0.54,dean wade
7.7,0.597,12.9,0.1,0.292,0.4,1.7,24.0,0.8,7.4,7.8,0.589,13.2,2.3,0.76,3.0,67.0,67.0,30.4,2.6,2.8,18.0,Deandre Ayton,C,17.0,0.6,1.8,10.0,PHO,0.592,deandre ayton
2.2,0.763,2.9,0.0,1.0,0.0,0.9,34.0,0.6,3.8,2.3,0.765,2.9,0.6,0.458,1.2,39.0,8.0,15.0,1.3,1.8,5.1,DeAndre Jordan,C,257.0,0.3,1.2,5.2,DEN,0.77,deandre jordan
6.5,0.514,12.6,1.8,0.344,5.2,6.1,26.0,0.3,4.5,8.3,0.464,17.8,2.1,0.832,2.6,74.0,74.0,36.4,0.7,1.4,20.5,Dejounte Murray,SG,351.0,1.5,2.2,5.3,ATL,0.514,dejounte murray
1.9,0.564,3.4,0.8,0.345,2.4,3.9,30.0,0.3,2.4,2.8,0.474,5.8,1.0,0.867,1.2,50.0,14.0,24.4,1.2,1.2,7.4,Delon Wright,PG,532.0,1.8,0.9,3.6,WAS,0.545,delon wright
8.3,0.526,15.7,0.6,0.324,1.9,5.1,33.0,0.5,4.2,8.9,0.504,17.6,6.2,0.872,7.1,74.0,74.0,36.2,0.5,2.5,24.5,DeMar DeRozan,SF,117.0,1.1,2.1,4.6,CHI,0.522,demar derozan
2.4,0.53,4.6,0.9,0.297,3.1,2.8,22.0,0.4,5.4,3.3,0.437,7.6,1.6,0.739,2.2,76.0,40.0,26.6,1.0,2.8,9.2,Deni Avdija,SF,16.0,0.9,1.6,6.4,WAS,0.497,deni avdija
0.0,0.0,0.5,0.0,0.0,0.5,0.0,29.0,0.0,0.0,0.0,0.0,1.0,0.0,0.0,0.0,2.0,0.0,3.0,0.0,0.0,0.0,Deonte Burton,SG,73.0,0.0,0.0,0.0,SAC,0.0,deonte burton
0.4,0.4,1.0,0.0,0.0,0.0,0.0,22.0,0.0,0.0,0.4,0.4,1.0,0.0,0.0,0.0,5.0,0.0,2.4,0.2,0.2,0.8,Dereon Seabron,SG,436.0,0.0,0.0,0.2,NOP,0.4,dereon seabron
1.6,0.438,3.6,0.7,0.302,2.3,1.7,34.0,0.2,1.2,2.3,0.384,5.9,0.4,0.917,0.4,27.0,0.0,12.5,0.3,0.7,5.6,Derrick Rose,PG,422.0,0.3,0.8,1.5,NYK,0.443,derrick rose
2.5,0.548,4.5,1.8,0.381,4.8,3.9,28.0,0.9,2.9,4.3,0.462,9.2,2.0,0.875,2.3,82.0,70.0,28.3,0.6,2.2,12.4,Derrick White,SG,509.0,0.7,1.2,3.6,BOS,0.56,derrick white
4.9,0.534,9.2,2.9,0.408,7.0,4.4,24.0,0.4,4.3,7.8,0.479,16.2,3.1,0.883,3.5,58.0,58.0,31.7,0.7,2.6,21.5,Desmond Bane,SG,24.0,1.0,2.2,5.0,MEM,0.568,desmond bane
7.8,0.554,14.2,2.1,0.351,6.0,5.5,26.0,0.3,3.7,9.9,0.494,20.1,5.8,0.855,6.8,53.0,53.0,34.6,0.9,3.0,27.8,Devin Booker,SG,49.0,1.0,2.7,4.5,PHO,0.546,devin booker
4.2,0.48,8.7,2.7,0.387,7.0,3.6,22.0,0.4,3.7,6.9,0.439,15.7,2.1,0.78,2.6,38.0,32.0,31.0,0.2,1.5,18.5,Devin Vassell,SG,486.0,1.1,1.5,3.9,SAS,0.525,devin vassell
0.0,0.0,1.0,0.2,0.25,0.7,1.3,23.0,0.0,0.7,0.2,0.1,1.7,0.0,0.0,0.0,6.0,0.0,8.8,1.0,1.5,0.5,Devon Dotson,PG,129.0,0.8,0.5,1.7,WAS,0.15,devon dotson
1.6666666666666667,0.5853333333333333,2.8333333333333335,0.26666666666666666,0.36833333333333335,0.8333333333333334,0.8333333333333334,33.0,0.5333333333333333,2.566666666666667,1.9000000000000001,0.5323333333333333,3.6999999999999997,0.7000000000000001,0.5333333333333333,1.1333333333333333,25.333333333333332,0.6666666666666666,10.799999999999999,0.8666666666666667,1.9333333333333333,4.8,Dewayne Dedmon,C,115.0,0.2333333333333333,0.7000000000000001,3.4,TOT,0.5676666666666667,dewayne dedmon
3.4,0.451,7.6,2.0,0.326,6.0,2.6,27.0,0.2,2.7,5.4,0.396,13.6,1.6,0.779,2.1,73.0,73.0,30.3,0.6,3.3,14.3,Dillon Brooks,SF,61.0,0.9,1.4,3.3,MEM,0.468,dillon brooks
6.9,0.639,10.8,0.4,0.373,1.1,7.3,26.0,0.5,9.1,7.3,0.615,11.9,4.1,0.742,5.5,79.0,79.0,34.6,3.2,3.5,19.1,Domantas Sabonis,C,428.0,0.8,2.9,12.3,SAC,0.632,domantas sabonis
1.6,0.561,2.9,0.0,0.0,0.1,0.9,19.0,0.7,2.0,1.6,0.535,3.1,0.6,0.72,0.9,28.0,0.0,14.6,1.6,2.0,3.9,Dominick Barlow,SF,26.0,0.4,0.5,3.6,SAS,0.535,dominick barlow
6.4,0.566,11.3,3.6,0.386,9.3,4.4,26.0,0.4,3.3,10.0,0.484,20.6,4.7,0.867,5.4,68.0,68.0,35.8,0.9,2.5,28.3,Donovan Mitchell,SG,338.0,1.5,2.6,4.3,CLE,0.572,donovan mitchell
1.0,0.667,1.5,0.0,0.0,1.0,0.0,21.0,0.0,1.0,1.0,0.4,2.5,0.0,0.0,0.0,2.0,0.0,2.0,0.0,0.0,2.0,Donovan Williams,SG,516.0,0.0,0.0,1.0,ATL,0.4,donovan williams
1.2,0.525,2.3,2.1,0.397,5.3,3.5,26.0,0.1,3.4,3.3,0.435,7.5,0.8,0.817,1.0,72.0,36.0,26.3,1.1,1.8,9.4,Donte DiVincenzo,SG,124.0,1.3,1.6,4.5,GSW,0.574,donte divincenzo
1.2333333333333334,0.49700000000000005,2.5,1.6666666666666667,0.33266666666666667,5.066666666666666,1.5333333333333332,29.0,0.5333333333333333,3.0666666666666664,2.9333333333333336,0.38599999999999995,7.566666666666666,0.7000000000000001,0.7673333333333333,0.8666666666666667,44.0,44.0,30.099999999999998,1.7333333333333334,2.2333333333333334,8.200000000000001,Dorian Finney-Smith,PF,146.0,0.8333333333333334,0.9333333333333332,4.8,TOT,0.4976666666666667,dorian finney-smith
1.8,0.516,3.5,1.9,0.413,4.7,1.4,31.0,0.1,1.8,3.7,0.457,8.2,0.8,0.757,1.1,64.0,0.0,20.5,0.4,1.8,10.2,Doug McDermott,SF,324.0,0.2,0.9,2.2,SAS,0.575,doug mcdermott
2.9,0.612,4.7,0.5,0.305,1.8,6.8,32.0,0.8,6.3,3.4,0.527,6.5,1.1,0.713,1.5,73.0,73.0,31.5,0.9,3.1,8.5,Draymond Green,PF,176.0,1.0,2.8,7.2,GSW,0.57,draymond green
2.7,0.655,4.1,0.1,0.389,0.2,1.3,25.0,1.3,3.7,2.7,0.641,4.3,1.1,0.664,1.6,78.0,28.0,20.3,1.7,2.2,6.6,Drew Eubanks,C,144.0,0.5,0.9,5.4,POR,0.651,drew eubanks
0.8666666666666667,0.5,1.7,0.3,0.246,1.2666666666666666,1.4000000000000001,25.0,0.3333333333333333,1.5,1.1666666666666667,0.39199999999999996,2.966666666666667,0.16666666666666666,0.6666666666666666,0.16666666666666666,10.0,0.6666666666666666,11.0,0.13333333333333333,1.5999999999999999,2.8000000000000003,Dru Smith,SG,451.0,0.7000000000000001,0.20000000000000004,1.6333333333333335,TOT,0.4443333333333333,dru smith
0.6,0.556,1.1,1.5,0.328,4.6,1.1,28.0,0.0,1.5,2.1,0.371,5.6,0.7,0.906,0.8,42.0,1.0,16.5,0.2,1.8,6.4,Duncan Robinson,SF,415.0,0.3,0.7,1.6,MIA,0.504,duncan robinson
2.6,0.746,3.5,0.0,0.0,0.1,0.9,31.0,0.3,2.2,2.6,0.732,3.5,1.5,0.667,2.2,76.0,64.0,19.2,2.0,2.8,6.7,Dwight Powell,C,395.0,0.6,0.9,4.1,DAL,0.732,dwight powell
0.3,1.0,0.3,0.3,0.5,0.7,0.3,26.0,0.0,0.0,0.7,0.667,1.0,0.0,0.0,0.0,3.0,0.0,3.3,0.0,0.0,1.7,Dylan Windler,SF,528.0,0.3,0.3,0.0,CLE,0.833,dylan windler
1.0,0.492,2.1,0.5,0.314,1.5,2.3,19.0,0.2,2.6,1.5,0.418,3.5,0.4,0.65,0.7,59.0,11.0,17.7,0.6,1.7,3.8,Dyson Daniels,PG,109.0,0.7,1.0,3.2,NOP,0.483,dyson daniels
1.8,0.511,3.4,0.6,0.356,1.6,1.3,27.0,0.2,1.2,2.3,0.461,5.1,1.9,0.917,2.0,53.0,12.0,13.9,0.2,1.6,7.1,Edmond Sumner,SG,462.0,0.6,0.9,1.5,BRK,0.519,edmond sumner
2.1666666666666665,0.534,4.066666666666666,1.9333333333333333,0.38033333333333336,5.133333333333334,2.566666666666667,34.0,0.4000000000000001,1.6666666666666667,4.133333333333334,0.44933333333333336,9.233333333333333,1.9666666666666668,0.826,2.3666666666666667,46.0,38.666666666666664,27.866666666666664,0.2333333333333333,1.2,12.166666666666666,Eric Gordon,SG,170.0,0.6,1.4333333333333333,1.9000000000000001,TOT,0.5573333333333333,eric gordon
1.9666666666666668,0.548,3.5666666666666664,0.6333333333333333,0.2773333333333334,2.3000000000000003,0.7333333333333334,25.0,0.10000000000000002,1.7333333333333334,2.6,0.44533333333333336,5.8999999999999995,1.3333333333333333,0.6699999999999999,1.9666666666666666,26.666666666666668,4.0,16.599999999999998,1.0999999999999999,2.3000000000000003,7.2,Eugene Omoruyi,SF,377.0,0.7000000000000001,0.9,2.8666666666666667,TOT,0.49933333333333335,eugene omoruyi
0.8,0.404,1.9,1.3,0.307,4.2,1.3,30.0,0.1,1.7,2.1,0.337,6.1,0.7,0.857,0.8,27.0,7.0,17.0,0.1,1.7,6.1,Evan Fournier,SG,152.0,0.6,0.8,1.8,NYK,0.443,evan fournier
6.4,0.595,10.7,0.3,0.216,1.3,2.8,21.0,1.5,6.6,6.6,0.554,12.0,2.6,0.674,3.8,79.0,79.0,34.4,2.4,2.8,16.2,Evan Mobley,PF,339.0,0.8,1.8,9.0,CLE,0.566,evan mobley
0.0,0.0,0.3,0.4,0.273,1.4,1.1,31.0,0.0,0.3,0.4,0.231,1.6,0.1,0.5,0.3,8.0,0.0,6.5,0.0,0.4,1.3,Facundo Campazzo,PG,79.0,0.8,0.4,0.3,DAL,0.346,facundo campazzo
0.0,0.0,2.0,0.0,0.0,1.0,1.0,24.0,0.0,1.0,0.0,0.0,3.0,0.0,0.0,0.0,1.0,0.0,5.0,1.0,0.0,0.0,Frank Jackson,PG,233.0,0.0,0.0,2.0,UTA,0.0,frank jackson
0.4666666666666666,0.5703333333333334,0.8333333333333334,0.3333333333333333,0.35733333333333334,0.9333333333333332,0.9333333333333335,29.0,0.13333333333333333,1.2666666666666666,0.8333333333333334,0.4586666666666666,1.8,0.4000000000000001,0.9026666666666667,0.43333333333333335,24.0,0.0,6.3999999999999995,0.23333333333333336,0.5,2.3333333333333335,Frank Kaminsky,C,262.0,0.16666666666666666,0.19999999999999998,1.4666666666666668,TOT,0.5519999999999999,frank kaminsky
0.7,0.477,1.4,0.4,0.254,1.4,1.2,24.0,0.1,1.2,1.0,0.364,2.8,0.5,0.667,0.7,47.0,5.0,12.9,0.1,1.4,2.9,Frank Ntilikina,PG,365.0,0.3,0.6,1.3,DAL,0.428,frank ntilikina
5.2,0.544,9.5,1.6,0.361,4.5,3.5,21.0,0.2,3.2,6.8,0.485,14.0,3.4,0.842,4.0,80.0,80.0,32.6,0.9,2.3,18.6,Franz Wagner,SF,491.0,1.0,2.1,4.1,ORL,0.543,franz wagner
3.3,0.455,7.3,3.0,0.342,8.8,7.2,28.0,0.6,3.6,6.3,0.393,16.1,3.7,0.898,4.1,69.0,69.0,36.7,0.4,2.8,19.3,Fred VanVleet,PG,485.0,1.8,2.0,4.1,TOR,0.486,fred vanvleet
0.8,0.462,1.8,0.5,0.391,1.2,0.6,25.0,0.1,1.0,1.3,0.432,3.0,0.7,0.722,1.0,37.0,0.0,9.5,0.2,0.5,3.8,Furkan Korkmaz,SG,274.0,0.3,0.6,1.1,PHI,0.514,furkan korkmaz
1.6,0.512,3.2,1.7,0.334,5.1,2.5,26.0,0.1,1.7,3.4,0.402,8.3,1.0,0.872,1.1,68.0,34.0,25.9,0.4,2.3,9.4,Gabe Vincent,PG,487.0,0.9,1.4,2.1,MIA,0.505,gabe vincent
0.7,0.667,1.0,2.0,0.333,6.0,1.7,29.0,0.0,2.0,2.7,0.381,7.0,0.7,1.0,0.7,3.0,0.0,18.7,0.0,1.7,8.0,Gabe York,SG,534.0,0.7,0.0,2.0,IND,0.524,gabe york
0.3,0.368,0.8,0.4,0.423,1.0,0.5,36.0,0.1,0.5,0.7,0.4,1.8,0.1,0.75,0.2,25.0,0.0,6.5,0.2,0.6,2.0,Garrett Temple,SG,467.0,0.4,0.2,0.7,NOP,0.522,garrett temple
0.2333333333333333,0.48100000000000004,0.4666666666666666,1.1666666666666667,0.36400000000000005,3.1666666666666665,0.43333333333333335,26.0,0.10000000000000002,1.1333333333333335,1.3666666666666665,0.37833333333333335,3.6333333333333333,0.8666666666666667,0.8973333333333334,0.9666666666666667,36.0,0.0,11.799999999999999,0.16666666666666666,1.0,4.8,Garrison Mathews,SG,313.0,0.3333333333333333,0.3,1.3333333333333333,TOT,0.5366666666666666,garrison mathews
0.9,0.494,1.9,2.0,0.431,4.5,1.2,28.0,0.3,1.6,2.9,0.45,6.4,0.6,0.9,0.6,48.0,42.0,24.7,0.4,1.9,8.3,Gary Harris,SG,194.0,0.9,0.6,2.0,ORL,0.603,gary harris
1.4000000000000001,0.6533333333333333,2.1,0.6,0.49100000000000005,1.2,1.3333333333333333,30.0,0.3,2.0666666666666664,1.9666666666666668,0.5953333333333334,3.266666666666667,0.3,0.8413333333333334,0.3333333333333333,14.666666666666666,0.6666666666666666,16.566666666666666,1.2666666666666666,1.9666666666666668,4.8,Gary Payton II,PG,382.0,1.0,0.7000000000000001,3.3333333333333335,TOT,0.6873333333333332,gary payton ii
0.9,0.6186666666666666,1.4666666666666668,0.7999999999999999,0.39766666666666667,2.033333333333333,2.2666666666666666,36.0,0.16666666666666666,1.5,1.7,0.492,3.5,0.8666666666666667,0.7973333333333333,1.0999999999999999,30.666666666666668,0.6666666666666666,17.433333333333334,0.3,1.2333333333333334,5.066666666666666,George Hill,PG,211.0,0.5666666666666667,0.7000000000000001,1.7666666666666666,TOT,0.609,george hill
0.9,0.576,1.5,2.0,0.401,4.9,1.0,29.0,0.2,2.1,2.8,0.442,6.4,0.5,0.867,0.6,78.0,1.0,19.4,0.2,1.9,8.2,Georges Niang,PF,360.0,0.4,0.7,2.4,PHI,0.596,georges niang
10.5,0.596,17.6,0.7,0.275,2.7,5.7,28.0,0.8,9.6,11.2,0.553,20.3,7.9,0.645,12.3,63.0,63.0,32.1,2.2,3.1,31.1,Giannis Antetokounmpo,PF,11.0,0.8,3.9,11.8,MIL,0.572,giannis antetokounmpo
1.7333333333333334,0.6323333333333333,2.6666666666666665,0.16666666666666666,0.22799999999999998,0.6999999999999998,1.0333333333333334,23.0,0.7000000000000001,2.066666666666667,1.8666666666666665,0.5486666666666666,3.3666666666666667,0.6,0.5576666666666666,1.1,25.333333333333332,0.6666666666666666,12.200000000000001,1.6333333333333335,1.7,4.5,Goga Bitadze,C,42.0,0.4000000000000001,0.6,3.6999999999999997,TOT,0.5743333333333333,goga bitadze
4.5,0.532,8.4,1.0,0.325,3.2,4.1,32.0,0.2,3.6,5.5,0.475,11.6,2.6,0.811,3.2,50.0,50.0,31.5,0.7,1.4,14.7,Gordon Hayward,SF,205.0,0.8,2.0,4.3,CHO,0.52,gordon hayward
0.8,0.571,1.4,0.7,0.28,2.4,1.7,33.0,0.5,2.6,1.5,0.385,3.8,0.3,0.769,0.4,31.0,1.0,11.5,0.9,1.8,3.9,Gorgui Dieng,C,121.0,0.1,1.0,3.5,SAS,0.474,gorgui dieng
1.3,0.546,2.3,1.5,0.395,3.7,1.7,24.0,0.4,3.5,2.7,0.454,6.0,1.2,0.77,1.5,79.0,23.0,25.9,1.1,2.4,8.1,Grant Williams,PF,517.0,0.5,1.0,4.6,BOS,0.575,grant williams
1.4,0.518,2.7,2.0,0.399,5.1,2.3,27.0,0.2,2.4,3.4,0.44,7.7,1.6,0.905,1.8,72.0,70.0,27.4,0.8,1.6,10.4,Grayson Allen,SG,7.0,0.9,1.0,3.3,MIL,0.571,grayson allen
3.8,0.593,6.3,0.1,0.238,0.4,1.0,24.0,0.3,2.4,3.8,0.573,6.7,1.6,0.588,2.6,56.0,0.0,17.8,1.0,2.2,9.3,Hamidou Diallo,SG,120.0,0.9,1.3,3.5,DET,0.58,hamidou diallo
3.0,0.553,5.3,1.6,0.374,4.3,1.6,30.0,0.1,3.4,4.6,0.473,9.6,4.3,0.847,5.0,82.0,82.0,32.5,1.1,1.3,15.0,Harrison Barnes,PF,27.0,0.7,1.0,4.5,SAC,0.556,harrison barnes
1.0,0.523,2.0,0.7,0.339,2.0,0.8,26.0,0.3,2.4,1.7,0.431,4.0,0.2,0.464,0.5,54.0,11.0,17.9,1.1,1.5,4.4,Haywood Highsmith,SF,210.0,0.7,0.8,3.5,MIA,0.516,haywood highsmith
3.1,0.521,6.0,2.1,0.37,5.6,3.4,23.0,0.2,3.4,5.2,0.448,11.6,2.5,0.819,3.1,81.0,21.0,28.9,0.7,2.0,14.9,Immanuel Quickley,PG,403.0,1.0,1.2,4.2,NYK,0.537,immanuel quickley
1.5,0.617,2.4,0.8,0.363,2.3,1.1,22.0,0.4,1.8,2.3,0.494,4.7,1.0,0.757,1.4,76.0,46.0,21.7,0.7,2.1,6.4,Isaac Okoro,SF,373.0,0.7,0.6,2.5,CLE,0.582,isaac okoro
2.0,0.576,3.5,0.1,0.216,0.5,1.2,24.0,0.8,4.0,2.1,0.535,4.0,0.6,0.676,0.9,82.0,8.0,19.8,2.5,2.6,5.0,Isaiah Hartenstein,C,200.0,0.6,0.8,6.5,NYK,0.547,isaiah hartenstein
2.8,0.582,4.8,0.0,0.143,0.2,0.8,21.0,1.5,2.7,2.8,0.563,5.0,1.5,0.651,2.3,63.0,12.0,16.5,1.8,2.4,7.2,Isaiah Jackson,C,234.0,0.5,0.8,4.5,IND,0.566,isaiah jackson
0.9,0.553,1.6,2.2,0.409,5.4,1.2,23.0,0.1,2.0,3.1,0.441,7.0,1.1,0.82,1.4,73.0,10.0,19.1,0.4,1.4,9.5,Isaiah Joe,SG,241.0,0.7,0.5,2.4,OKC,0.599,isaiah joe
0.9,0.541,1.6,1.4,0.365,3.9,0.8,24.0,0.5,2.2,2.3,0.417,5.5,0.6,0.821,0.8,52.0,22.0,23.1,0.5,2.0,6.7,Isaiah Livers,PF,294.0,0.5,0.6,2.8,DET,0.545,isaiah livers
0.7,0.45,1.5,0.2,0.375,0.6,0.2,23.0,0.2,1.2,0.9,0.429,2.2,0.3,1.0,0.3,13.0,0.0,6.5,0.3,0.6,2.4,Isaiah Mobley,PF,340.0,0.3,0.1,1.5,CLE,0.482,isaiah mobley
1.2,0.516,2.3,0.4,0.3,1.4,0.9,24.0,0.2,2.0,1.6,0.432,3.7,0.5,0.488,1.0,42.0,2.0,11.3,0.5,1.3,4.1,Isaiah Roby,PF,419.0,0.4,0.7,2.5,SAS,0.49,isaiah roby
2.6,0.542,4.7,1.3,0.327,4.1,1.4,21.0,0.7,5.8,3.9,0.442,8.8,2.2,0.738,3.0,50.0,47.0,28.3,2.3,2.7,11.3,Isaiah Stewart,C,459.0,0.4,1.4,8.1,DET,0.518,isaiah stewart
0.3,0.222,1.5,0.2,0.1,1.7,0.7,21.0,0.0,1.7,0.5,0.158,3.2,0.3,1.0,0.3,6.0,1.0,10.2,0.3,0.7,1.5,Isaiah Todd,PF,475.0,0.2,0.3,2.0,WAS,0.184,isaiah todd
4.3,0.637,6.7,0.0,0.0,0.0,1.0,25.0,1.3,6.8,4.3,0.634,6.8,2.2,0.697,3.1,76.0,76.0,28.6,3.1,2.9,10.8,Ivica Zubac,C,539.0,0.4,1.5,9.9,LAC,0.634,ivica zubac
7.8,0.519,15.0,1.5,0.307,4.9,8.1,23.0,0.3,4.9,9.3,0.466,19.9,6.1,0.748,8.1,61.0,59.0,31.9,1.0,1.6,26.2,Ja Morant,PG,346.0,1.1,3.4,5.9,MEM,0.504,ja morant
1.2,0.472,2.5,0.3,0.286,1.0,0.6,20.0,0.2,1.5,1.5,0.419,3.5,0.6,0.756,0.8,56.0,0.0,11.1,0.9,1.2,3.9,Jabari Walker,SF,494.0,0.2,0.5,2.3,POR,0.46,jabari walker
0.3,0.5,0.6,0.2,0.333,0.5,0.2,25.0,0.1,0.6,0.5,0.421,1.1,0.1,0.667,0.2,17.0,0.0,3.9,0.4,0.5,1.2,Jack White,SF,510.0,0.2,0.1,1.0,DEN,0.5,jack white
0.0,0.0,0.0,1.0,0.333,3.0,7.0,24.0,0.0,4.0,1.0,0.333,3.0,0.0,0.0,0.0,1.0,0.0,41.0,0.0,3.0,3.0,Jacob Gilyard,PG,166.0,3.0,2.0,4.0,MEM,0.5,jacob gilyard
1.7,0.469,3.7,1.3,0.404,3.3,1.4,20.0,0.1,1.6,3.0,0.438,6.9,1.4,0.823,1.6,48.0,5.0,14.8,0.2,1.3,8.8,Jaden Hardy,SG,191.0,0.4,1.0,1.9,DAL,0.533,jaden hardy
3.9,0.457,8.6,1.6,0.343,4.7,5.2,20.0,0.2,2.9,5.5,0.416,13.3,3.6,0.747,4.8,74.0,73.0,31.1,1.0,3.3,16.3,Jaden Ivey,SG,232.0,0.8,3.2,3.9,DET,0.477,jaden ivey
3.3,0.588,5.7,1.4,0.398,3.4,1.9,22.0,1.0,2.7,4.7,0.517,9.1,1.3,0.736,1.8,79.0,79.0,30.6,1.2,3.4,12.1,Jaden McDaniels,SF,322.0,0.9,1.4,3.9,MIN,0.591,jaden mcdaniels
0.9,0.5,1.9,0.1,0.4,0.3,0.5,20.0,0.2,0.5,1.1,0.486,2.2,0.4,0.75,0.5,16.0,2.0,5.6,0.4,0.9,2.6,Jaden Springer,SG,457.0,0.4,0.2,0.9,PHI,0.514,jaden springer
1.2,0.538,2.2,1.3,0.436,3.1,1.5,32.0,0.3,2.9,2.5,0.479,5.2,0.6,0.833,0.7,18.0,3.0,18.9,0.9,1.5,6.9,Jae Crowder,SF,104.0,0.7,0.4,3.8,MIL,0.606,jae crowder
3.1,0.53,5.9,0.4,0.283,1.5,2.7,27.0,0.2,2.5,3.5,0.48,7.4,1.6,0.725,2.2,31.0,7.0,21.8,1.3,3.4,9.1,Jae'Sean Tate,SF,464.0,0.7,1.5,3.8,HOU,0.509,jae'sean tate
0.4,0.542,0.7,0.7,0.338,2.0,0.6,21.0,0.1,1.3,1.1,0.389,2.7,0.2,0.778,0.3,35.0,0.0,11.8,0.5,1.4,3.0,Jake LaRavia,PF,282.0,0.3,0.5,1.8,MEM,0.516,jake laravia
5.466666666666666,0.6333333333333333,8.6,0.0,0.0,0.0,2.6666666666666665,27.0,1.2,5.8,5.466666666666666,0.6323333333333333,8.6,1.6666666666666667,0.5886666666666667,2.7999999999999994,48.0,47.333333333333336,26.599999999999998,3.266666666666667,2.766666666666667,12.566666666666668,Jakob Poeltl,C,386.0,0.9666666666666667,1.6333333333333335,9.066666666666666,TOT,0.6323333333333333,jakob poeltl
6.7,0.519,12.8,2.0,0.416,4.7,6.2,26.0,0.2,3.0,8.6,0.491,17.6,4.8,0.829,5.8,68.0,68.0,35.0,0.6,2.2,24.0,Jalen Brunson,PG,69.0,0.9,2.1,3.5,NYK,0.547,jalen brunson
3.9,0.652,5.9,0.0,0.0,0.0,1.1,19.0,0.9,5.5,3.9,0.648,5.9,1.4,0.611,2.3,67.0,31.0,24.9,3.4,2.7,9.1,Jalen Duren,C,138.0,0.7,1.4,8.9,DET,0.648,jalen duren
5.0,0.471,10.6,2.5,0.338,7.3,3.7,20.0,0.2,3.2,7.4,0.416,17.9,4.8,0.786,6.1,76.0,76.0,34.2,0.6,1.7,22.1,Jalen Green,SG,177.0,0.8,2.6,3.7,HOU,0.485,jalen green
1.8,0.587,3.1,0.4,0.288,1.5,1.2,21.0,0.5,3.3,2.3,0.491,4.6,0.7,0.628,1.1,70.0,6.0,14.9,0.7,1.6,5.6,Jalen Johnson,SF,244.0,0.5,0.6,4.0,ATL,0.537,jalen johnson
2.466666666666667,0.5266666666666667,4.633333333333334,0.9,0.35133333333333333,2.6,1.4666666666666668,25.0,0.3666666666666667,3.3000000000000003,3.3000000000000003,0.4633333333333334,7.2,1.4333333333333333,0.8370000000000001,1.6666666666666667,53.333333333333336,16.0,22.7,0.8000000000000002,2.5,8.9,Jalen McDaniels,SF,323.0,0.9666666666666667,1.0333333333333332,4.1000000000000005,TOT,0.5226666666666667,jalen mcdaniels
2.8,0.593,4.7,0.8,0.283,2.8,1.0,22.0,0.9,3.9,3.6,0.476,7.5,1.5,0.759,2.0,68.0,31.0,18.8,1.9,2.3,9.4,Jalen Smith,PF,454.0,0.3,1.1,5.8,IND,0.53,jalen smith
2.3,0.496,4.6,1.2,0.327,3.8,2.9,21.0,0.5,2.0,3.5,0.419,8.4,1.6,0.723,2.2,53.0,19.0,23.5,1.0,2.3,9.9,Jalen Suggs,PG,461.0,1.3,1.8,3.0,ORL,0.493,jalen suggs
4.5,0.579,7.9,1.0,0.356,2.7,3.3,21.0,0.5,3.4,5.5,0.521,10.6,2.1,0.812,2.5,75.0,62.0,30.3,1.1,2.5,14.1,Jalen Williams,SG,518.0,1.4,1.6,4.5,OKC,0.567,jalen williams
1.7,0.652,2.6,0.4,0.35,1.1,0.7,23.0,0.1,2.1,2.1,0.561,3.7,0.9,0.773,1.2,18.0,0.0,13.3,0.8,1.2,5.4,Jamal Cain,SF,77.0,0.6,0.3,2.9,MIA,0.614,jamal cain
4.6,0.494,9.4,2.6,0.398,6.6,6.2,25.0,0.2,3.2,7.3,0.454,16.0,2.8,0.833,3.3,65.0,65.0,32.8,0.7,1.6,20.0,Jamal Murray,PG,352.0,1.0,2.2,4.0,DEN,0.537,jamal murray
0.6,0.3333333333333333,1.2,0.3,0.24433333333333337,1.1666666666666667,0.6,23.0,0.3,1.0,0.9,0.297,2.3666666666666667,0.16666666666666666,0.3333333333333333,0.3,3.3333333333333335,0.0,12.166666666666666,0.16666666666666666,1.1666666666666667,2.2666666666666666,Jamaree Bouyea,PG,53.0,0.6,0.6,1.1666666666666667,TOT,0.34600000000000003,jamaree bouyea
1.1,0.429,2.5,1.0,0.303,3.2,1.2,22.0,0.1,1.9,2.0,0.358,5.7,0.6,0.667,0.9,34.0,0.0,15.1,0.2,1.4,5.6,James Bouknight,SG,52.0,0.4,0.9,2.1,CHO,0.443,james bouknight
3.6,0.495,7.3,2.8,0.385,7.2,10.7,33.0,0.5,5.4,6.4,0.441,14.5,5.4,0.867,6.2,58.0,58.0,36.8,0.7,1.9,21.0,James Harden,PG,190.0,1.2,3.4,6.1,PHI,0.536,james harden
1.1,0.559,1.9,0.2,0.2,0.8,0.8,35.0,0.3,1.4,1.2,0.449,2.7,0.2,0.5,0.4,18.0,1.0,9.0,0.2,1.8,2.8,James Johnson,PF,245.0,0.4,0.4,1.7,IND,0.48,james johnson
4.066666666666666,0.5896666666666667,7.0,0.06666666666666667,0.289,0.43333333333333335,0.6999999999999998,21.0,0.5666666666666667,4.233333333333333,4.133333333333334,0.5723333333333334,7.3999999999999995,1.5,0.699,2.1666666666666665,30.0,14.666666666666666,19.0,1.5999999999999999,2.4,9.866666666666667,James Wiseman,C,530.0,0.16666666666666666,1.0999999999999999,5.833333333333333,TOT,0.5776666666666667,james wiseman
1.6,0.667,2.5,0.7,0.378,1.9,0.9,32.0,0.4,2.3,2.4,0.54,4.4,0.9,0.776,1.2,57.0,1.0,14.0,1.3,1.8,6.4,JaMychal Green,PF,178.0,0.4,0.9,3.6,GSW,0.623,jamychal green
1.3,0.444,3.0,1.2,0.5,2.3,1.3,22.0,0.0,0.5,2.5,0.469,5.3,0.0,0.0,0.0,6.0,1.0,12.8,0.2,0.8,6.2,Jared Butler,SG,74.0,0.8,0.8,0.7,OKC,0.578,jared butler
0.9,0.5,1.7,0.4,0.25,1.4,0.3,23.0,0.1,1.9,1.2,0.386,3.1,0.4,1.0,0.4,14.0,0.0,14.1,0.8,1.6,3.2,Jared Rhoden,SG,411.0,0.3,0.2,2.6,DET,0.443,jared rhoden
2.766666666666667,0.6026666666666666,4.533333333333333,0.4000000000000001,0.3193333333333333,1.2,2.2333333333333334,23.0,0.26666666666666666,5.2,3.1,0.5443333333333333,5.733333333333333,1.2,0.7106666666666667,1.7333333333333334,52.0,43.333333333333336,24.066666666666666,2.1333333333333333,2.4,7.800000000000001,Jarred Vanderbilt,PF,484.0,1.0999999999999999,1.2,7.366666666666667,TOT,0.577,jarred vanderbilt
1.0,0.8,1.3,1.0,0.444,2.3,0.8,26.0,0.5,1.3,2.0,0.571,3.5,0.5,1.0,0.5,4.0,0.0,9.8,0.3,0.8,5.5,Jarrell Brantley,PF,56.0,0.0,0.5,1.5,UTA,0.714,jarrell brantley
5.9,0.653,9.1,0.0,0.1,0.1,1.7,24.0,1.2,6.5,5.9,0.644,9.2,2.4,0.733,3.3,68.0,68.0,32.6,3.3,2.3,14.3,Jarrett Allen,C,8.0,0.8,1.4,9.8,CLE,0.645,jarrett allen
1.6,0.516,3.1,0.1,0.083,1.2,0.6,23.0,0.2,2.8,1.7,0.395,4.3,0.9,0.692,1.3,10.0,1.0,13.7,1.0,1.4,4.4,Jarrett Culver,SG,105.0,0.6,0.7,3.8,ATL,0.407,jarrett culver
0.9,0.565,1.6,0.4,0.278,1.3,1.9,23.0,0.0,1.4,1.3,0.439,2.9,0.0,0.0,0.1,14.0,0.0,8.9,0.1,0.5,2.9,Jason Preston,PG,397.0,0.1,0.7,1.6,LAC,0.5,jason preston
1.9,0.65,2.9,0.0,0.4,0.1,0.3,35.0,0.6,1.8,1.9,0.64,3.0,0.6,0.585,1.0,42.0,7.0,8.5,0.7,1.3,4.4,JaVale McGee,C,325.0,0.1,0.9,2.5,DAL,0.648,javale mcgee
1.5,0.658,2.3,0.4,0.371,1.1,0.7,29.0,0.7,1.9,1.9,0.565,3.4,0.9,0.667,1.4,32.0,1.0,15.0,0.8,1.6,5.2,Javonte Green,SG,179.0,0.8,0.6,2.8,CHI,0.625,javonte green
1.8,0.654,2.7,0.1,0.103,0.6,0.7,22.0,0.4,2.0,1.8,0.551,3.3,1.2,0.699,1.8,47.0,2.0,13.0,0.8,1.4,5.0,Jaxson Hayes,C,203.0,0.4,0.7,2.8,NOP,0.561,jaxson hayes
1.3,0.692,1.9,0.9,0.5,1.7,1.4,24.0,0.6,2.1,2.1,0.6,3.6,2.1,0.938,2.3,7.0,0.0,13.6,0.9,2.1,7.3,Jay Huff,C,223.0,0.4,0.7,3.0,WAS,0.72,jay huff
1.5,0.6,2.5,1.0,1.0,1.0,0.5,22.0,0.0,3.0,2.5,0.714,3.5,0.5,0.5,1.0,2.0,0.0,15.0,0.0,1.0,6.5,Jay Scrubb,SG,435.0,1.0,1.5,3.0,ORL,0.857,jay scrubb
7.7,0.576,13.4,2.4,0.335,7.3,3.5,26.0,0.4,5.7,10.1,0.491,20.6,3.9,0.765,5.1,67.0,67.0,35.9,1.2,2.6,26.6,Jaylen Brown,SF,64.0,1.1,2.9,6.9,BOS,0.55,jaylen brown
3.3,0.542,6.0,1.0,0.289,3.6,2.0,23.0,0.1,2.1,4.3,0.448,9.6,1.2,0.778,1.5,65.0,2.0,19.3,0.6,1.6,10.8,Jaylen Nowell,SG,364.0,0.6,1.0,2.6,MIN,0.502,jaylen nowell
1.1,0.463,2.5,0.9,0.407,2.3,1.6,20.0,0.2,4.0,2.1,0.436,4.8,0.8,0.704,1.1,49.0,36.0,18.7,0.9,2.3,5.9,Jaylin Williams,PF,519.0,0.6,0.8,4.9,OKC,0.534,jaylin williams
6.6,0.558,11.8,3.2,0.35,9.3,4.6,24.0,0.7,7.7,9.8,0.466,21.1,7.2,0.854,8.4,74.0,74.0,36.9,1.1,2.2,30.1,Jayson Tatum,PF,465.0,1.1,2.9,8.8,BOS,0.543,jayson tatum
0.5,0.5,1.0,0.2,0.286,0.6,0.9,20.0,0.2,0.6,0.7,0.421,1.6,0.1,0.5,0.2,12.0,0.0,5.5,0.2,0.4,1.6,JD Davison,PG,113.0,0.2,0.3,0.8,BOS,0.474,jd davison
4.2,0.677,6.2,0.6,0.375,1.6,2.0,23.0,0.4,1.0,4.8,0.615,7.8,0.4,0.667,0.6,5.0,4.0,25.4,2.0,2.6,10.6,Jeenathan Williams,SG,520.0,0.6,0.8,3.0,POR,0.654,jeenathan williams
0.8,0.488,1.6,0.2,0.313,0.6,1.2,25.0,0.1,0.7,1.0,0.439,2.3,0.2,0.667,0.4,25.0,0.0,10.4,0.2,0.5,2.4,Jeff Dowtin,PG,130.0,0.4,0.2,0.9,TOR,0.482,jeff dowtin
2.3,0.58,4.0,0.5,0.288,1.9,1.2,36.0,0.3,1.9,2.9,0.488,5.9,1.6,0.744,2.1,56.0,4.0,19.5,0.7,1.8,7.8,Jeff Green,PF,180.0,0.3,0.8,2.6,DEN,0.534,jeff green
4.6,0.523,8.8,2.3,0.401,5.7,2.4,28.0,0.8,3.7,6.9,0.475,14.5,4.4,0.813,5.4,63.0,63.0,35.7,0.8,2.4,20.5,Jerami Grant,PF,172.0,0.8,1.8,4.5,POR,0.554,jerami grant
1.7,0.533,3.2,0.9,0.333,2.6,1.0,22.0,0.3,2.5,2.6,0.444,5.8,0.8,0.833,1.0,43.0,20.0,18.9,1.7,1.7,6.8,Jeremiah Robinson-Earl,PF,418.0,0.6,0.4,4.2,OKC,0.518,jeremiah robinson-earl
3.9,0.519,7.5,0.6,0.246,2.4,2.5,19.0,0.4,3.6,4.5,0.453,9.9,1.4,0.698,2.1,56.0,53.0,26.0,1.7,2.5,11.0,Jeremy Sochan,PF,456.0,0.8,1.7,5.3,SAS,0.483,jeremy sochan
1.6,0.783,2.0,0.0,0.0,0.0,0.5,24.0,0.5,2.8,1.6,0.776,2.1,0.2,0.75,0.3,52.0,16.0,15.6,1.9,1.8,3.4,Jericho Sims,C,448.0,0.3,0.5,4.7,NYK,0.776,jericho sims
1.2,0.425,2.8,1.8,0.421,4.2,2.4,27.0,0.4,2.1,3.0,0.423,7.0,0.4,0.816,0.5,81.0,39.0,22.3,0.4,2.0,8.0,Jevon Carter,PG,83.0,0.8,1.0,2.5,MIL,0.549,jevon carter
6.9,0.564,12.3,0.6,0.35,1.6,5.3,33.0,0.3,3.7,7.5,0.539,13.9,7.4,0.85,8.7,64.0,64.0,33.4,2.2,1.3,22.9,Jimmy Butler,SF,75.0,1.8,1.6,5.9,MIA,0.56,jimmy butler
2.3,0.621,3.7,0.3,0.25,1.2,1.0,27.0,0.4,2.3,2.6,0.528,4.9,1.1,0.752,1.5,69.0,4.0,14.2,1.7,1.8,6.6,Jock Landale,C,280.0,0.2,0.9,4.1,PHO,0.559,jock landale
0.8,0.551,1.4,1.9,0.426,4.5,1.4,31.0,0.2,1.9,2.7,0.457,5.9,0.2,0.643,0.4,74.0,33.0,20.6,0.3,1.9,7.6,Joe Harris,SG,195.0,0.5,0.6,2.2,BRK,0.618,joe harris
0.5,0.556,1.0,1.8,0.409,4.4,3.3,35.0,0.1,2.5,2.3,0.435,5.4,0.4,0.857,0.5,46.0,0.0,22.7,0.3,1.6,6.9,Joe Ingles,SF,228.0,0.7,1.2,2.8,MIL,0.603,joe ingles
0.0,0.0,0.2,0.3,0.25,1.3,0.3,23.0,0.0,0.4,0.3,0.214,1.6,0.0,0.0,0.0,9.0,0.0,5.6,0.0,0.3,1.0,Joe Wieskamp,SF,511.0,0.0,0.1,0.4,TOR,0.321,joe wieskamp
10.0,0.587,17.1,1.0,0.33,3.0,4.2,28.0,1.7,8.4,11.0,0.548,20.1,10.0,0.857,11.7,66.0,66.0,34.6,1.7,3.1,33.1,Joel Embiid,C,143.0,1.0,3.4,10.2,PHI,0.573,joel embiid
0.5,0.5,0.9,0.4,0.229,1.8,0.6,20.0,0.5,0.7,0.9,0.321,2.8,0.2,0.75,0.2,19.0,1.0,11.6,0.2,1.2,2.4,John Butler,C,76.0,0.4,0.1,0.9,POR,0.396,john butler
4.1,0.619,6.6,1.0,0.292,3.4,1.2,25.0,1.0,5.4,5.1,0.508,10.0,2.0,0.803,2.5,71.0,71.0,30.0,1.1,3.1,13.1,John Collins,PF,96.0,0.6,1.1,6.5,ATL,0.557,john collins
1.1,0.545,2.0,0.8,0.339,2.5,1.4,26.0,0.3,3.4,1.9,0.431,4.4,0.4,0.778,0.5,72.0,23.0,20.8,0.9,1.6,5.1,John Konchar,SG,273.0,1.1,0.5,4.3,MEM,0.525,john konchar
3.1,0.459,6.7,1.0,0.303,3.2,5.2,32.0,0.4,2.3,4.1,0.408,9.9,2.3,0.681,3.3,34.0,3.0,22.2,0.4,1.7,11.4,John Wall,PG,497.0,0.8,2.4,2.7,LAC,0.457,john wall
1.8,0.485,3.6,0.6,0.243,2.5,1.0,20.0,0.3,2.0,2.4,0.386,6.1,0.5,0.519,1.0,28.0,5.0,15.1,0.4,1.7,5.8,Johnny Davis,SG,111.0,0.4,0.6,2.3,WAS,0.436,johnny davis
1.1,0.488,2.3,0.8,0.238,3.5,0.4,21.0,0.2,1.7,1.9,0.337,5.8,0.1,0.5,0.2,18.0,0.0,12.9,0.4,0.7,4.8,Johnny Juzang,SF,260.0,0.2,0.2,2.2,UTA,0.409,johnny juzang
1.5,0.421,3.5,0.5,0.4,1.4,0.5,25.0,0.4,2.6,2.0,0.415,4.8,0.5,0.556,0.8,11.0,0.0,11.3,1.4,0.5,5.0,Jonathan Isaac,PF,231.0,1.3,0.4,4.0,ORL,0.472,jonathan isaac
3.1,0.59,5.2,0.8,0.37,2.2,1.9,20.0,0.5,2.4,3.9,0.525,7.4,1.3,0.652,2.1,67.0,16.0,20.8,1.0,2.3,9.9,Jonathan Kuminga,PF,277.0,0.6,1.4,3.4,GSW,0.579,jonathan kuminga
5.0,0.53,9.4,2.5,0.338,7.5,4.4,30.0,0.2,2.9,7.5,0.444,16.9,3.3,0.816,4.0,61.0,61.0,32.6,1.2,2.0,20.8,Jordan Clarkson,SG,93.0,0.5,3.0,4.0,UTA,0.519,jordan clarkson
1.9,0.511,3.8,0.6,0.322,1.9,2.7,24.0,0.4,2.4,2.5,0.448,5.7,0.9,0.768,1.1,62.0,7.0,17.8,0.9,1.5,6.6,Jordan Goodwin,PG,168.0,0.9,0.9,3.3,WAS,0.501,jordan goodwin
0.7,0.462,1.4,0.3,0.2,1.7,1.2,21.0,0.0,1.0,1.0,0.321,3.1,0.8,0.778,1.0,9.0,0.0,9.2,0.3,0.7,3.1,Jordan Hall,SF,187.0,0.1,0.8,1.3,SAS,0.375,jordan hall
0.9,0.552,1.6,0.6,0.308,1.8,3.4,26.0,0.1,1.1,1.4,0.421,3.4,0.3,0.833,0.4,43.0,0.0,15.8,0.3,0.7,3.7,Jordan McLaughlin,PG,328.0,0.7,0.8,1.4,MIN,0.503,jordan mclaughlin
1.8666666666666665,0.453,4.033333333333333,1.4666666666666668,0.4073333333333333,3.533333333333333,1.5,24.0,0.2333333333333333,3.0,3.3333333333333335,0.4326666666666667,7.566666666666667,1.1333333333333335,0.7906666666666666,1.4333333333333333,41.333333333333336,9.333333333333334,19.833333333333332,0.8333333333333334,1.2666666666666666,9.233333333333333,Jordan Nwora,SF,368.0,0.39999999999999997,1.1,3.8333333333333335,TOT,0.5296666666666666,jordan nwora
4.1,0.524,7.8,2.6,0.336,7.8,4.5,23.0,0.3,2.4,6.7,0.43,15.6,4.4,0.87,5.1,82.0,43.0,30.0,0.4,2.6,20.4,Jordan Poole,PG,388.0,0.8,3.1,2.7,GSW,0.514,jordan poole
0.0,0.0,0.5,0.5,1.0,0.5,0.5,24.0,0.0,0.0,0.5,0.5,1.0,0.0,0.0,0.0,2.0,0.0,3.0,0.0,0.5,1.5,Jordan Schakel,SF,432.0,0.5,0.0,0.0,WAS,0.75,jordan schakel
1.9,0.488,4.0,1.4,0.336,4.0,3.0,24.0,0.2,1.9,3.3,0.411,8.0,1.1,0.813,1.3,61.0,10.0,21.5,0.5,2.0,9.0,Jose Alvarado,PG,9.0,1.1,1.3,2.3,NOP,0.496,jose alvarado
2.1,0.55,3.8,0.3,0.236,1.4,1.1,21.0,0.2,0.8,2.4,0.465,5.1,0.7,0.75,0.9,64.0,2.0,12.3,0.3,0.9,5.8,Josh Christopher,SG,91.0,0.5,0.9,1.1,HOU,0.497,josh christopher
6.1,0.524,11.6,1.0,0.325,3.1,6.2,20.0,0.4,5.9,7.1,0.482,14.7,1.4,0.731,1.9,76.0,76.0,31.1,1.9,1.9,16.6,Josh Giddey,SG,163.0,0.8,2.8,7.9,OKC,0.516,josh giddey
2.3,0.643,3.6,1.1,0.402,2.8,1.7,22.0,0.1,2.1,3.4,0.537,6.4,1.1,0.723,1.6,60.0,21.0,25.7,0.9,2.6,9.1,Josh Green,SG,181.0,0.7,1.2,3.0,DAL,0.626,josh green
2.766666666666667,0.6046666666666667,4.6000000000000005,0.8666666666666667,0.3983333333333334,2.1666666666666665,3.766666666666667,27.0,0.3333333333333333,5.8,3.6333333333333333,0.5396666666666666,6.733333333333333,1.7333333333333334,0.7566666666666667,2.3,50.666666666666664,34.666666666666664,31.899999999999995,1.8999999999999997,2.566666666666667,9.833333333333334,Josh Hart,SF-SG,199.0,1.2333333333333334,1.5,7.666666666666667,TOT,0.6036666666666667,josh hart
1.1,0.533,2.0,0.1,0.333,0.4,0.3,20.0,0.4,1.3,1.2,0.5,2.4,0.5,1.0,0.5,15.0,0.0,6.4,0.3,0.7,3.1,Josh Minott,SF,336.0,0.3,0.2,1.7,MIN,0.528,josh minott
1.3,0.442,3.0,0.9,0.335,2.7,1.5,24.0,0.5,2.0,2.3,0.391,5.8,1.9,0.724,2.7,72.0,26.0,18.8,1.5,1.6,7.3,Josh Okogie,SG,371.0,0.8,0.9,3.5,PHO,0.471,josh okogie
1.9333333333333333,0.49733333333333335,3.8000000000000003,1.5999999999999999,0.36866666666666664,4.366666666666667,2.533333333333333,29.0,0.3333333333333333,2.066666666666667,3.5333333333333337,0.4286666666666667,8.200000000000001,1.0333333333333334,0.8323333333333333,1.1666666666666667,43.333333333333336,6.666666666666667,23.46666666666667,0.6,1.8333333333333333,9.700000000000001,Josh Richardson,SG,413.0,1.1333333333333335,1.2666666666666666,2.6333333333333333,TOT,0.5283333333333333,josh richardson
5.0,0.542,9.1,2.4,0.384,6.1,7.4,32.0,0.4,3.9,7.3,0.479,15.3,2.3,0.859,2.6,67.0,65.0,32.6,1.2,1.7,19.3,Jrue Holiday,PG,214.0,1.2,2.9,5.1,MIL,0.556,jrue holiday
0.8,0.487,1.7,0.6,0.317,1.8,0.5,20.0,0.3,1.7,1.4,0.399,3.4,0.5,0.702,0.7,69.0,8.0,14.0,0.5,1.0,3.8,JT Thor,PF,472.0,0.3,0.6,2.2,CHO,0.481,jt thor
1.0999999999999999,0.5633333333333334,1.9666666666666668,0.16666666666666666,0.18666666666666668,0.8333333333333334,1.3,29.0,0.16666666666666666,1.866666666666667,1.2333333333333334,0.4503333333333333,2.8333333333333335,0.4000000000000001,0.8046666666666668,0.4666666666666666,34.666666666666664,6.0,13.633333333333333,0.5333333333333333,1.5,3.033333333333333,Juan Toscano-Anderson,SF,477.0,0.3,0.7000000000000001,2.433333333333333,TOT,0.47833333333333333,juan toscano-anderson
1.0666666666666667,0.36500000000000005,2.1333333333333333,1.3666666666666665,0.26966666666666667,3.5666666666666664,0.4333333333333333,21.0,0.19999999999999998,2.0666666666666664,2.466666666666667,0.305,5.7,0.5666666666666668,0.5493333333333333,0.7000000000000001,11.333333333333334,2.0,14.4,0.4333333333333333,1.0666666666666667,6.8999999999999995,Julian Champagnie,SF,87.0,0.39999999999999997,0.4333333333333333,2.5,TOT,0.39033333333333325,julian champagnie
5.7,0.553,10.3,2.8,0.343,8.3,4.1,28.0,0.3,8.1,8.5,0.459,18.6,5.2,0.757,6.9,77.0,77.0,35.5,1.8,3.0,25.1,Julius Randle,PF,405.0,0.6,2.8,10.0,NYK,0.536,julius randle
0.7666666666666666,0.5143333333333333,2.1666666666666665,0.2333333333333333,0.13333333333333333,1.1666666666666667,0.8666666666666667,21.0,0.0,1.0,1.0,0.5,3.3333333333333335,0.0,0.0,0.0,3.3333333333333335,0.0,7.333333333333333,0.6333333333333333,0.39999999999999997,2.2333333333333334,Justin Champagnie,SF,88.0,0.2333333333333333,0.0,1.6333333333333335,TOT,0.525,justin champagnie
0.6666666666666666,0.5156666666666666,1.3333333333333333,1.0,0.31766666666666665,3.1,0.9,33.0,0.43333333333333335,1.1666666666666667,1.6666666666666667,0.37600000000000006,4.433333333333334,0.13333333333333333,0.4166666666666667,0.20000000000000004,30.666666666666668,1.3333333333333333,15.466666666666667,0.13333333333333333,1.5,4.466666666666667,Justin Holiday,SG,215.0,0.46666666666666673,0.5,1.2666666666666666,TOT,0.48733333333333334,justin holiday
0.1,0.286,0.3,0.2,0.25,0.9,0.4,27.0,0.2,0.7,0.3,0.259,1.2,0.0,0.5,0.1,23.0,0.0,4.7,0.1,0.3,0.9,Justin Jackson,SF,236.0,0.2,0.1,0.7,BOS,0.352,justin jackson
1.0,0.364,2.8,0.8,0.25,3.0,1.0,23.0,1.3,3.0,1.8,0.304,5.8,0.0,0.0,0.3,4.0,0.0,22.3,0.8,2.3,4.3,Justin Minaya,SF,335.0,0.5,1.0,3.8,POR,0.37,justin minaya
2.3,0.438,5.3,0.5,0.311,1.6,3.4,26.0,0.4,3.3,2.8,0.409,6.8,0.7,0.714,1.0,29.0,11.0,26.8,1.7,3.1,6.8,Justise Winslow,SF,529.0,1.0,1.5,5.0,POR,0.444,justise winslow
1.4,0.624,2.2,0.1,0.211,0.4,0.3,22.0,0.7,1.9,1.5,0.558,2.6,0.4,0.731,0.6,46.0,0.0,12.0,0.8,1.4,3.4,Kai Jones,C,254.0,0.4,0.7,2.7,CHO,0.575,kai jones
5.2,0.576,9.1,2.1,0.366,5.7,4.8,27.0,0.6,6.5,7.3,0.495,14.8,4.1,0.874,4.7,29.0,29.0,33.0,1.7,3.8,20.8,Karl-Anthony Towns,PF,478.0,0.7,3.0,8.1,MIN,0.565,karl-anthony towns
6.6,0.551,11.9,2.0,0.416,4.8,3.9,31.0,0.5,5.4,8.6,0.512,16.8,4.7,0.871,5.4,52.0,50.0,33.6,1.1,1.6,23.8,Kawhi Leonard,SF,288.0,1.4,1.7,6.5,LAC,0.572,kawhi leonard
1.9,0.527,3.5,2.6,0.411,6.3,1.2,22.0,0.5,3.5,4.4,0.453,9.8,0.8,0.765,1.0,80.0,78.0,29.8,1.1,2.0,12.2,Keegan Murray,SF,353.0,0.8,0.8,4.6,SAC,0.584,keegan murray
2.7,0.557,4.8,0.8,0.394,2.1,1.5,27.0,0.3,2.7,3.5,0.508,6.9,1.8,0.793,2.2,67.0,42.0,21.7,1.0,0.9,9.7,Keita Bates-Diop,SF,32.0,0.7,0.8,3.7,SAS,0.568,keita bates-diop
5.9,0.523,11.2,2.1,0.329,6.5,2.9,23.0,0.2,4.2,8.0,0.452,17.7,3.9,0.749,5.2,63.0,63.0,32.7,0.9,2.0,22.0,Keldon Johnson,SF,246.0,0.7,2.1,5.0,SAS,0.512,keldon johnson
2.7,0.576,4.7,1.4,0.394,3.5,3.7,31.0,0.5,5.0,4.1,0.499,8.2,2.9,0.853,3.4,68.0,68.0,28.6,1.2,3.4,12.5,Kelly Olynyk,C,376.0,0.9,2.5,6.2,UTA,0.583,kelly olynyk
1.9,0.586,3.2,0.8,0.25,3.1,2.1,32.0,0.2,1.4,2.7,0.421,6.3,1.9,0.81,2.3,9.0,1.0,16.0,0.3,1.2,8.0,Kemba Walker,PG,495.0,0.2,0.4,1.8,DAL,0.482,kemba walker
0.7,0.667,1.0,0.0,0.0,0.2,0.5,19.0,0.0,0.7,0.7,0.571,1.2,0.2,0.5,0.3,6.0,0.0,6.7,0.3,1.5,1.5,Kendall Brown,SG,65.0,0.7,0.3,1.0,IND,0.571,kendall brown
1.6000000000000003,0.49366666666666664,3.233333333333333,1.1333333333333335,0.357,3.1666666666666665,1.3333333333333333,27.0,0.10000000000000002,1.3333333333333333,2.733333333333333,0.4256666666666667,6.400000000000001,0.5,0.8546666666666667,0.5666666666666667,46.666666666666664,1.3333333333333333,13.799999999999999,0.19999999999999998,0.9333333333333332,7.1000000000000005,Kendrick Nunn,SG-PG,366.0,0.39999999999999997,0.9333333333333335,1.5666666666666667,TOT,0.5143333333333334,kendrick nunn
0.9,0.485,1.9,0.1,0.133,0.4,1.6,20.0,0.1,0.8,1.0,0.422,2.3,0.2,0.462,0.4,36.0,0.0,7.8,0.3,0.4,2.2,Kennedy Chandler,PG,89.0,0.3,0.5,1.1,MEM,0.434,kennedy chandler
2.4,0.608,4.0,0.9,0.373,2.5,2.0,28.0,0.3,3.1,3.4,0.517,6.5,0.3,0.436,0.7,53.0,10.0,22.8,1.8,2.1,8.0,Kenrich Williams,PF,521.0,0.8,0.6,4.9,OKC,0.59,kenrich williams
2.1,0.502,4.1,1.8,0.423,4.2,2.4,29.0,0.5,2.3,3.8,0.462,8.3,1.4,0.824,1.6,76.0,76.0,31.3,0.5,1.9,10.8,Kentavious Caldwell-Pope,SG,78.0,1.5,1.1,2.7,DEN,0.569,kentavious caldwell-pope
0.1,0.25,0.3,0.4,0.5,0.8,0.4,23.0,0.1,0.3,0.4,0.438,1.0,0.3,0.571,0.4,16.0,0.0,4.4,0.3,0.6,1.5,Keon Ellis,SG,142.0,0.3,0.1,0.5,SAC,0.625,keon ellis
1.0,0.402,2.4,0.7,0.346,2.0,1.5,20.0,0.2,0.8,1.7,0.376,4.5,0.7,0.659,1.0,40.0,0.0,10.4,0.3,1.1,4.7,Keon Johnson,SG,247.0,0.5,1.1,1.1,POR,0.455,keon johnson
0.5,0.47,1.0666666666666667,0.4333333333333333,0.27499999999999997,1.4666666666666668,0.5666666666666667,22.0,0.16666666666666666,1.0333333333333334,0.9333333333333332,0.35733333333333334,2.466666666666667,0.3,0.6673333333333332,0.3666666666666667,24.0,2.6666666666666665,10.066666666666666,0.6,1.0,2.6,Kessler Edwards,SF,141.0,0.3666666666666667,0.3666666666666667,1.5999999999999999,TOT,0.43766666666666665,kessler edwards
7.8,0.6083333333333333,12.766666666666666,2.1999999999999997,0.43900000000000006,4.933333333333334,4.6000000000000005,34.0,1.4000000000000001,6.233333333333333,9.966666666666667,0.5630000000000001,17.7,6.1000000000000005,0.8953333333333333,6.8,31.333333333333332,31.333333333333332,35.06666666666667,0.4000000000000001,1.8,28.266666666666666,Kevin Durant,PF-SF,137.0,0.6,3.1,6.6000000000000005,TOT,0.6256666666666667,kevin durant
2.9,0.604,4.7,2.7,0.402,6.8,2.9,24.0,0.3,2.8,5.6,0.485,11.5,1.3,0.725,1.7,75.0,75.0,29.4,0.6,2.4,15.2,Kevin Huerter,SG,222.0,1.1,1.3,3.3,SAC,0.603,kevin huerter
1.5333333333333332,0.6003333333333334,2.6,1.0,0.3446666666666667,3.033333333333333,0.6,23.0,0.16666666666666666,2.3333333333333335,2.533333333333333,0.457,5.633333333333333,0.7666666666666666,0.7653333333333334,1.0333333333333334,42.0,3.3333333333333335,15.433333333333332,0.5666666666666667,1.4333333333333333,6.8999999999999995,Kevin Knox,PF-SF,271.0,0.39999999999999997,0.8333333333333334,2.9,TOT,0.5536666666666666,kevin knox
1.0666666666666667,0.5383333333333333,2.0333333333333337,1.5666666666666667,0.3283333333333333,4.8,1.8999999999999997,34.0,0.20000000000000004,5.3999999999999995,2.6666666666666665,0.38866666666666666,6.8,1.2666666666666666,0.875,1.4333333333333333,41.333333333333336,13.333333333333334,20.0,0.9333333333333332,1.5666666666666667,8.133333333333333,Kevin Love,PF,299.0,0.3,1.1,6.3,TOT,0.5043333333333333,kevin love
0.9,0.484,1.9,0.5,0.372,1.3,0.5,25.0,0.1,1.2,1.4,0.439,3.1,0.9,0.756,1.2,34.0,0.0,13.4,0.8,1.6,4.1,Kevon Harris,SG,196.0,0.5,0.6,2.1,ORL,0.514,kevon harris
3.0,0.632,4.7,0.0,0.0,0.0,2.5,26.0,0.6,5.9,3.0,0.63,4.7,1.1,0.606,1.9,82.0,70.0,23.9,3.3,2.7,7.0,Kevon Looney,C,296.0,0.6,0.5,9.3,GSW,0.63,kevon looney
0.9,0.6,1.5,0.1,0.5,0.1,0.4,30.0,0.3,0.9,1.0,0.594,1.6,0.2,0.8,0.3,20.0,0.0,8.1,0.4,1.2,2.2,Khem Birch,C,41.0,0.3,0.4,1.3,TOR,0.609,khem birch
3.8,0.516,7.4,1.5,0.315,4.9,4.9,31.0,0.2,3.4,5.4,0.436,12.3,2.8,0.902,3.1,33.0,19.0,24.3,0.8,2.1,15.1,Khris Middleton,SF,332.0,0.7,2.2,4.2,MIL,0.499,khris middleton
3.0,0.429,7.0,1.1,0.28,3.8,6.2,21.0,0.4,2.5,4.0,0.377,10.7,1.2,0.821,1.5,76.0,56.0,28.3,0.4,2.9,10.3,Killian Hayes,PG,204.0,1.4,2.3,2.9,DET,0.426,killian hayes
3.6,0.47,7.6,4.4,0.412,10.6,2.4,32.0,0.4,3.6,7.9,0.436,18.1,1.7,0.879,1.9,69.0,69.0,33.0,0.6,1.9,21.9,Klay Thompson,SG,471.0,0.7,1.8,4.1,GSW,0.556,klay thompson
0.0,0.0,0.2,0.2,0.2,1.0,1.0,25.0,0.4,0.6,0.2,0.167,1.2,0.4,1.0,0.4,5.0,0.0,5.6,0.2,0.0,1.0,Kobi Simmons,PG,445.0,0.0,0.2,0.8,CHO,0.25,kobi simmons
4.5,0.55,8.2,0.8,0.472,1.6,5.6,28.0,0.5,4.1,5.3,0.537,9.8,1.9,0.774,2.4,22.0,3.0,25.8,0.4,2.6,13.2,Kris Dunn,PG,136.0,1.1,1.6,4.5,UTA,0.576,kris dunn
3.0,0.536,5.7,0.6,0.41,1.5,4.9,29.0,0.9,4.4,3.7,0.509,7.2,1.4,0.735,2.0,69.0,46.0,28.4,1.0,2.1,9.4,Kyle Anderson,PF,10.0,1.1,1.5,5.3,MIN,0.553,kyle anderson
5.5,0.533,10.3,2.5,0.333,7.5,3.7,27.0,0.5,6.4,8.0,0.448,17.8,2.7,0.73,3.7,64.0,64.0,35.0,0.9,2.3,21.2,Kyle Kuzma,PF,278.0,0.6,3.0,7.2,WAS,0.518,kyle kuzma
1.6,0.509,3.2,1.9,0.345,5.6,5.1,36.0,0.4,3.3,3.6,0.404,8.8,2.1,0.859,2.5,55.0,44.0,31.2,0.8,2.6,11.2,Kyle Lowry,PG,300.0,1.0,1.9,4.1,MIA,0.514,kyle lowry
6.8,0.576,11.800000000000002,3.1,0.38166666666666665,8.133333333333333,5.6000000000000005,30.0,0.7333333333333334,4.1000000000000005,9.9,0.49666666666666665,19.933333333333334,4.2,0.9116666666666666,4.6000000000000005,40.0,40.0,37.53333333333333,1.0333333333333334,2.766666666666667,27.066666666666666,Kyrie Irving,PG,230.0,1.1333333333333335,2.1,5.066666666666666,TOT,0.5743333333333333,kyrie irving
0.3,0.529,0.5,0.2,0.333,0.6,0.4,23.0,0.2,0.8,0.5,0.421,1.1,0.2,0.875,0.2,35.0,3.0,7.1,0.2,1.1,1.3,KZ Okpala,PF,374.0,0.2,0.2,1.0,SAC,0.513,kz okpala
1.6,0.513,3.1,0.5,0.316,1.5,0.5,25.0,0.3,2.6,2.1,0.448,4.6,0.6,0.702,0.9,62.0,25.0,18.1,0.8,1.3,5.3,Lamar Stevens,PF,458.0,0.4,0.4,3.3,CLE,0.5,lamar stevens
4.2,0.45,9.4,4.0,0.376,10.6,8.4,21.0,0.3,5.3,8.2,0.411,20.0,2.8,0.836,3.4,36.0,36.0,35.2,1.2,3.3,23.3,LaMelo Ball,PG,21.0,1.3,3.6,6.4,CHO,0.51,lamelo ball
1.0,0.376,2.5,1.9,0.377,5.0,2.3,25.0,0.1,1.4,2.8,0.377,7.5,1.1,0.882,1.3,40.0,9.0,20.2,0.3,1.5,8.7,Landry Shamet,SG,439.0,0.7,0.9,1.7,PHO,0.502,landry shamet
5.6,0.585,9.6,3.0,0.391,7.7,1.9,25.0,0.6,6.7,8.7,0.499,17.3,5.3,0.875,6.0,66.0,66.0,34.4,2.0,2.1,25.6,Lauri Markkanen,SF,307.0,0.6,1.9,8.6,UTA,0.586,lauri markkanen
0.2,0.188,1.1,0.0,0.0,0.3,0.5,22.0,0.1,0.2,0.2,0.15,1.4,0.0,0.0,0.0,14.0,0.0,4.9,0.3,0.7,0.4,Leandro Bolmaro,SG,48.0,0.2,0.5,0.5,UTA,0.15,leandro bolmaro
8.9,0.58,15.3,2.2,0.321,6.9,6.8,38.0,0.6,7.1,11.1,0.5,22.2,4.6,0.768,5.9,55.0,54.0,35.5,1.2,1.6,28.9,LeBron James,PF,239.0,0.9,3.2,8.3,LAL,0.549,lebron james
0.0,0.0,0.3,0.5,0.5,1.0,0.5,22.0,0.0,0.5,0.5,0.4,1.3,1.0,0.667,1.5,4.0,0.0,4.5,0.3,0.0,2.5,Lester Quinones,SG,404.0,0.3,1.3,0.8,GSW,0.6,lester quinones
1.7,0.632,2.7,0.9,0.333,2.6,2.0,24.0,0.3,1.0,2.6,0.486,5.3,1.1,0.889,1.3,7.0,1.0,12.4,0.0,1.0,7.1,Lindell Wigginton,PG,514.0,0.0,1.7,1.0,MIL,0.568,lindell wigginton
0.3,0.75,0.4,1.4,0.358,4.0,0.7,25.0,0.3,1.4,1.7,0.393,4.3,0.4,0.8,0.5,41.0,0.0,13.0,0.4,1.0,5.2,Lindy Waters III,SG,503.0,0.3,0.2,1.8,OKC,0.556,lindy waters iii
4.0,0.8,5.0,4.0,0.5,8.0,2.0,23.0,0.0,2.0,8.0,0.615,13.0,0.0,0.0,1.0,1.0,0.0,29.0,2.0,4.0,20.0,Louis King,SF,267.0,1.0,2.0,4.0,PHI,0.769,louis king
2.8,0.44,6.3,1.8,0.33,5.5,2.1,23.0,0.3,2.9,4.6,0.388,11.8,2.7,0.772,3.5,74.0,73.0,30.7,1.7,3.3,13.7,Luguentz Dort,SG,127.0,1.0,1.2,4.6,OKC,0.466,luguentz dort
1.8,0.636,2.8,0.5,0.359,1.4,0.6,24.0,0.1,1.1,2.3,0.543,4.1,1.5,0.788,1.9,28.0,0.0,8.7,1.2,1.5,6.5,Luka Garza,C,159.0,0.1,0.5,2.3,MIN,0.603,luka garza
0.9,0.484,1.8666666666666665,2.3666666666666667,0.4936666666666667,4.7,1.6333333333333335,26.0,0.06666666666666667,2.466666666666667,3.266666666666667,0.494,6.533333333333334,0.6333333333333333,0.9486666666666667,0.7000000000000001,39.333333333333336,9.333333333333334,22.53333333333333,0.3,1.4000000000000001,9.466666666666667,Luke Kennard,SG,264.0,0.5,0.7999999999999999,2.733333333333333,TOT,0.6709999999999999,luke kennard
1.6,0.701,2.3,0.0,0.231,0.2,0.8,27.0,0.7,1.6,1.6,0.665,2.5,0.5,0.821,0.6,69.0,0.0,11.7,1.2,1.2,3.8,Luke Kornet,C,275.0,0.2,0.4,2.9,BOS,0.674,luke kornet
2.5,0.556,4.5,2.0,0.364,5.5,4.5,24.0,0.0,3.5,4.5,0.45,10.0,1.5,0.6,2.5,2.0,0.0,20.5,1.5,1.5,12.5,Mac McClung,SG,319.0,0.0,1.5,5.0,PHI,0.55,mac mcclung
0.8,0.367,2.1,0.9,0.353,2.5,1.3,24.0,0.1,1.2,1.6,0.36,4.6,0.5,0.758,0.6,53.0,2.0,13.0,0.3,1.2,4.6,Malachi Flynn,PG,147.0,0.4,0.5,1.4,TOR,0.457,malachi flynn
2.9,0.539,5.4,1.2,0.302,3.9,1.9,19.0,0.1,2.3,4.1,0.44,9.3,0.9,0.829,1.1,66.0,32.0,23.5,0.4,1.7,10.2,Malaki Branham,SF,55.0,0.5,1.2,2.7,SAS,0.503,malaki branham
3.3,0.51,6.5,2.0,0.444,4.4,3.7,30.0,0.3,3.6,5.3,0.484,10.9,2.4,0.87,2.7,67.0,0.0,26.0,0.6,1.6,14.9,Malcolm Brogdon,PG,60.0,0.7,1.5,4.2,BOS,0.574,malcolm brogdon
0.2,1.0,0.2,0.2,0.333,0.6,0.0,27.0,0.0,0.6,0.4,0.5,0.8,0.0,0.0,0.0,5.0,0.0,1.8,0.0,0.2,1.0,Malcolm Hill,SF,212.0,0.0,0.0,0.6,CHI,0.625,malcolm hill
1.6333333333333335,0.48333333333333334,3.3666666666666667,2.8333333333333335,0.35633333333333334,7.966666666666666,1.4666666666666668,26.0,0.06666666666666667,3.0666666666666664,4.466666666666666,0.39433333333333337,11.366666666666667,0.6,0.743,0.8000000000000002,54.0,18.0,25.5,0.39999999999999997,1.3,12.4,Malik Beasley,SG,36.0,0.8000000000000002,1.1333333333333335,3.466666666666667,TOT,0.519,malik beasley
2.8,0.538,5.2,1.9,0.359,5.2,3.9,24.0,0.3,2.2,4.6,0.448,10.3,2.4,0.889,2.7,77.0,0.0,22.3,0.4,1.6,13.5,Malik Monk,SG,342.0,0.6,1.9,2.6,SAC,0.538,malik monk
0.8,0.586,1.3,0.3,0.333,1.0,0.4,26.0,0.4,1.0,1.1,0.48,2.3,0.1,1.0,0.1,22.0,2.0,8.0,0.4,1.2,2.6,Mamadi Diakite,PF,119.0,0.2,0.5,1.4,CLE,0.55,mamadi diakite
2.5,0.484,5.2,1.7,0.364,4.7,1.8,33.0,0.3,3.5,4.2,0.426,9.9,1.0,0.782,1.3,65.0,65.0,28.1,0.4,2.1,11.2,Marcus Morris,PF,347.0,0.6,0.9,4.0,LAC,0.513,marcus morris
2.2,0.519,4.3,1.9,0.336,5.6,6.3,28.0,0.4,2.4,4.1,0.415,9.9,1.4,0.746,1.9,61.0,61.0,32.1,0.8,2.8,11.5,Marcus Smart,PG,449.0,1.5,2.3,3.1,BOS,0.511,marcus smart
0.9,0.485,1.9,0.9,0.331,2.7,0.7,22.0,0.1,1.5,1.8,0.395,4.7,0.5,0.73,0.7,52.0,11.0,13.5,0.7,1.4,5.1,MarJon Beauchamp,SF,37.0,0.4,0.9,2.2,MIL,0.492,marjon beauchamp
3.7,0.637,5.8,0.0,0.0,0.0,0.4,21.0,1.0,4.9,3.7,0.637,5.8,1.6,0.691,2.3,43.0,17.0,19.3,2.2,2.2,9.0,Mark Williams,C,522.0,0.7,0.9,7.1,CHO,0.637,mark williams
5.4,0.544,9.9,0.5,0.31,1.5,5.7,24.0,0.4,2.8,5.8,0.514,11.3,1.9,0.783,2.4,60.0,60.0,29.6,1.2,2.2,14.0,Markelle Fultz,PG,154.0,1.5,2.3,3.9,ORL,0.534,markelle fultz
0.6,0.457,1.3,0.8333333333333334,0.38866666666666666,2.1999999999999997,0.8666666666666667,33.0,0.10000000000000002,1.6333333333333335,1.4333333333333333,0.4116666666666666,3.4666666666666663,0.2333333333333333,0.6666666666666666,0.2333333333333333,23.333333333333332,1.3333333333333333,9.833333333333334,0.3,1.5,3.966666666666667,Markieff Morris,PF,348.0,0.2333333333333333,0.5,1.9000000000000001,TOT,0.533,markieff morris
0.1,0.333,0.4,0.1,0.25,0.6,0.0,23.0,0.0,0.1,0.3,0.286,1.0,0.1,0.5,0.3,7.0,0.0,2.9,0.1,0.7,0.9,Marko Simonovic,C,446.0,0.0,0.0,0.3,CHI,0.357,marko simonovic
3.9,0.6920000000000001,5.666666666666667,0.0,0.0,0.0,2.8333333333333335,32.0,0.5666666666666667,5.8,3.9,0.6920000000000001,5.666666666666667,2.4,0.6709999999999999,3.6999999999999997,52.666666666666664,40.0,24.8,2.6666666666666665,2.6666666666666665,10.166666666666666,Mason Plumlee,C,385.0,0.5666666666666667,1.4666666666666668,8.5,TOT,0.6920000000000001,mason plumlee
0.8666666666666667,0.533,1.6666666666666667,0.9,0.36200000000000004,2.433333333333333,0.8666666666666666,25.0,0.5333333333333333,1.6333333333333335,1.7333333333333334,0.4346666666666667,4.066666666666666,0.3333333333333333,0.6846666666666668,0.43333333333333335,47.333333333333336,18.666666666666668,18.9,0.6333333333333333,1.7000000000000002,4.733333333333333,Matisse Thybulle,SG,473.0,1.2666666666666666,0.39999999999999997,2.2666666666666666,TOT,0.5406666666666667,matisse thybulle
0.2333333333333333,0.3586666666666667,0.7999999999999999,0.9666666666666667,0.38000000000000006,2.533333333333333,0.43333333333333335,25.0,0.0,0.7000000000000001,1.2,0.3666666666666667,3.3333333333333335,0.3,0.8300000000000001,0.3666666666666667,22.666666666666668,0.0,9.366666666666667,0.13333333333333333,0.8666666666666667,3.6333333333333333,Matt Ryan,SF,427.0,0.13333333333333333,0.2333333333333333,0.8333333333333334,TOT,0.5143333333333333,matt ryan
0.3,0.348,0.7,0.3,0.333,0.8,1.3,32.0,0.0,0.4,0.5,0.34,1.6,0.1,0.571,0.2,32.0,0.0,6.7,0.0,0.6,1.5,Matthew Dellavedova,PG,116.0,0.2,0.3,0.4,SAC,0.43,matthew dellavedova
0.4,0.409,1.1,0.6,0.419,1.5,0.5,19.0,0.2,1.7,1.1,0.415,2.6,0.3,0.875,0.4,41.0,3.0,12.5,0.2,0.8,3.1,Max Christie,SG,90.0,0.2,0.3,1.8,LAL,0.538,max christie
1.6,0.559,2.8,2.5,0.35,7.0,2.1,26.0,0.2,2.6,4.1,0.41,9.9,1.0,0.876,1.1,80.0,33.0,28.4,0.6,2.1,11.5,Max Strus,SF,460.0,0.5,0.9,3.2,MIA,0.535,max strus
1.0,0.667,1.5,1.1,0.348,3.0,1.4,31.0,0.8,2.8,2.1,0.456,4.6,0.7,0.711,1.0,37.0,5.0,25.1,0.8,2.3,5.9,Maxi Kleber,C,269.0,0.3,0.7,3.6,DAL,0.571,maxi kleber
0.8,0.636,1.2,0.8,0.389,2.0,0.1,30.0,0.0,2.4,1.6,0.483,3.2,0.9,0.889,1.0,9.0,2.0,12.7,1.3,1.8,4.8,Meyers Leonard,C,289.0,0.2,0.7,3.8,MIL,0.603,meyers leonard
0.5,0.5,1.0,0.0,0.0,0.8,0.0,25.0,0.0,1.3,0.5,0.286,1.8,0.5,1.0,0.5,4.0,0.0,9.0,1.3,0.8,1.5,Mfiondu Kabengele,PF,261.0,0.5,0.3,2.5,BOS,0.286,mfiondu kabengele
0.9,0.75,1.1,0.6,0.571,1.0,0.6,24.0,0.0,1.9,1.4,0.667,2.1,0.0,0.0,0.0,7.0,0.0,7.4,0.4,0.7,3.4,Micah Potter,PF,394.0,0.1,0.3,2.3,UTA,0.8,micah potter
1.3,0.455,2.8,0.3,0.333,0.8,1.8,31.0,0.3,1.0,1.5,0.429,3.5,1.0,0.571,1.8,4.0,0.0,11.0,0.3,1.3,4.3,Michael Carter-Williams,PG,85.0,0.3,1.0,1.3,ORL,0.464,michael carter-williams
5.3,0.516,10.266666666666667,2.1,0.38166666666666665,5.566666666666666,3.1999999999999997,26.0,0.7000000000000001,3.4333333333333336,7.433333333333334,0.46866666666666673,15.833333333333334,4.166666666666667,0.8953333333333333,4.666666666666667,55.333333333333336,55.333333333333336,35.43333333333334,0.9666666666666667,1.8666666666666665,21.133333333333336,Mikal Bridges,SF,58.0,1.0999999999999999,1.5666666666666667,4.3999999999999995,TOT,0.5356666666666667,mikal bridges
1.9333333333333333,0.49,3.9,2.066666666666667,0.389,5.333333333333333,6.466666666666666,35.0,0.20000000000000004,2.266666666666667,4.0,0.432,9.200000000000001,2.1666666666666665,0.8366666666666666,2.566666666666667,44.666666666666664,44.0,30.46666666666667,0.5333333333333333,2.066666666666667,12.200000000000001,Mike Conley,PG,99.0,1.0999999999999999,1.4666666666666668,2.766666666666667,TOT,0.5443333333333333,mike conley
0.8333333333333334,0.6123333333333333,1.3,1.3,0.38999999999999996,3.2999999999999994,0.7666666666666666,31.0,0.3666666666666667,2.6333333333333333,2.1,0.453,4.6000000000000005,0.6,0.7520000000000001,0.7999999999999999,42.0,6.0,15.233333333333334,0.6,1.5333333333333332,6.066666666666666,Mike Muscala,C,354.0,0.2333333333333333,0.39999999999999997,3.233333333333333,TOT,0.5916666666666667,mike muscala
0.6,0.457,1.3,0.6,0.299,2.1,1.1,22.0,0.1,0.6,1.2,0.358,3.4,0.4,0.667,0.7,64.0,2.0,11.9,0.2,0.9,3.5,Miles McBride,PG,318.0,0.6,0.4,0.8,NYK,0.451,miles mcbride
3.2,0.671,4.7,0.0,0.0,0.0,0.9,24.0,1.8,4.9,3.2,0.671,4.7,1.0,0.484,2.1,59.0,58.0,27.0,4.5,2.7,7.4,Mitchell Robinson,C,416.0,0.9,0.7,9.4,NYK,0.671,mitchell robinson
1.2333333333333334,0.5763333333333334,2.1,0.9,0.36600000000000005,2.3333333333333335,0.7999999999999999,24.0,0.8333333333333334,3.3666666666666667,2.1,0.4623333333333333,4.433333333333334,0.7999999999999999,0.6306666666666667,1.2666666666666666,32.666666666666664,4.666666666666667,14.166666666666666,1.2,2.1333333333333333,5.866666666666667,Mo Bamba,C,22.0,0.2333333333333333,0.7000000000000001,4.6,TOT,0.5603333333333333,mo bamba
2.7,0.543,5.0,1.3,0.382,3.3,5.3,27.0,0.2,3.0,4.0,0.48,8.3,1.0,0.831,1.2,62.0,61.0,27.3,0.4,1.2,10.3,Monte Morris,PG,349.0,0.7,1.0,3.4,WAS,0.555,monte morris
2.2,0.616,3.6,0.0,0.0,0.1,0.6,29.0,0.4,1.6,2.2,0.598,3.7,1.2,0.693,1.8,57.0,7.0,11.9,1.2,1.3,5.6,Montrezl Harrell,C,193.0,0.3,0.6,2.8,PHI,0.598,montrezl harrell
2.6,0.631,4.1,0.9,0.313,2.9,1.5,25.0,0.2,3.3,3.5,0.5,6.9,2.7,0.841,3.2,57.0,18.0,19.5,1.2,2.4,10.5,Moritz Wagner,C,492.0,0.6,1.2,4.5,ORL,0.564,moritz wagner
1.1666666666666667,0.42333333333333334,1.8333333333333333,0.0,0.0,0.0,0.06666666666666667,23.0,0.26666666666666666,1.5666666666666664,1.1666666666666667,0.42333333333333334,1.8333333333333333,0.6333333333333333,0.30533333333333335,1.3666666666666665,24.0,0.6666666666666666,6.566666666666666,1.0999999999999999,0.9,2.9666666666666663,Moses Brown,C,66.0,0.2333333333333333,0.43333333333333335,2.6666666666666665,TOT,0.42333333333333334,moses brown
0.9,0.641,1.5,0.8,0.363,2.1,0.8,20.0,0.1,1.2,1.7,0.476,3.6,0.6,0.698,0.8,63.0,3.0,13.0,0.4,0.9,4.8,Moses Moody,SG,343.0,0.3,0.5,1.7,GSW,0.584,moses moody
5.0,0.638,7.8,1.5,0.373,4.0,1.4,26.0,2.3,6.1,6.5,0.548,11.8,3.5,0.783,4.5,62.0,62.0,29.4,1.4,3.5,18.0,Myles Turner,C,481.0,0.6,1.7,7.5,IND,0.612,myles turner
2.4,0.513,4.6,0.9,0.303,2.8,2.5,25.0,0.2,3.0,3.2,0.433,7.4,1.8,0.789,2.3,77.0,21.0,23.3,0.6,1.5,9.1,Naji Marshall,SF,308.0,0.7,1.3,3.6,NOP,0.49,naji marshall
1.4,0.524,2.7,1.1,0.367,2.9,0.9,22.0,0.4,2.1,2.5,0.442,5.6,0.6,0.717,0.9,54.0,4.0,18.1,0.5,1.2,6.6,Nassir Little,SF,293.0,0.4,0.7,2.6,POR,0.538,nassir little
1.0,0.644,1.6,0.2,0.364,0.6,0.3,25.0,0.2,0.9,1.2,0.568,2.1,1.0,0.684,1.5,38.0,0.0,7.7,0.6,1.1,3.7,Nathan Knight,PF,270.0,0.3,0.6,1.5,MIN,0.617,nathan knight
3.5,0.653,5.3,1.1,0.346,3.2,1.1,23.0,0.8,3.8,4.6,0.537,8.5,1.3,0.677,1.9,68.0,11.0,18.4,1.1,2.6,11.5,Naz Reid,C,410.0,0.6,1.4,4.9,MIN,0.602,naz reid
1.2,0.667,1.8,0.0,0.0,0.0,0.2,23.0,0.4,1.2,1.2,0.667,1.8,0.0,0.0,0.4,5.0,0.0,5.8,1.0,1.4,2.4,Neemias Queta,C,402.0,0.0,0.2,2.2,SAC,0.667,neemias queta
0.6,0.30433333333333334,2.0,0.06666666666666667,0.3333333333333333,0.06666666666666667,0.7000000000000001,28.0,0.5,2.066666666666667,0.6666666666666666,0.30933333333333335,2.066666666666667,0.43333333333333335,0.6223333333333333,0.6999999999999998,11.333333333333334,2.6666666666666665,12.233333333333334,0.7000000000000001,2.0,1.8,Nerlens Noel,C,363.0,0.9333333333333332,1.0333333333333334,2.766666666666667,TOT,0.31966666666666665,nerlens noel
3.0,0.628,4.8,0.0,1.0,0.0,0.6,25.0,1.1,4.1,3.0,0.629,4.8,2.1,0.749,2.8,65.0,9.0,18.7,2.3,2.4,8.2,Nick Richards,C,412.0,0.2,0.9,6.4,CHO,0.631,nick richards
1.1666666666666667,0.5026666666666667,2.3,1.0333333333333334,0.38233333333333336,2.733333333333333,1.7666666666666666,24.0,0.3666666666666667,1.4666666666666668,2.1999999999999997,0.4386666666666667,5.033333333333334,0.7000000000000001,0.6593333333333333,1.0,39.333333333333336,2.0,15.066666666666668,0.26666666666666666,1.4666666666666668,6.133333333333333,Nickeil Alexander-Walker,SG,6.0,0.5,0.8666666666666667,1.7,TOT,0.5419999999999999,nickeil alexander-walker
0.5,0.563,0.8,1.6,0.391,4.1,1.6,34.0,0.6,3.0,2.1,0.42,4.9,0.4,0.708,0.6,78.0,19.0,21.9,0.8,1.9,6.1,Nicolas Batum,PF,33.0,0.7,0.6,3.8,LAC,0.583,nicolas batum
0.4,0.5,0.9,0.0,0.25,0.2,0.3,27.0,0.3,1.3,0.5,0.458,1.0,0.1,1.0,0.1,23.0,1.0,7.4,0.8,1.5,1.1,Noah Vonleh,C,488.0,0.1,0.5,2.1,BOS,0.479,noah vonleh
3.8,0.534,7.1,1.9,0.397,4.8,1.8,29.0,0.3,2.5,5.7,0.479,11.8,3.8,0.812,4.6,60.0,8.0,26.1,0.4,2.1,17.0,Norman Powell,SG,396.0,0.8,1.7,2.9,LAC,0.559,norman powell
1.5,0.593,2.6,1.3,0.344,3.7,1.0,24.0,0.2,2.4,2.8,0.446,6.3,0.6,0.809,0.7,67.0,5.0,15.7,0.4,1.0,7.4,Obi Toppin,PF,476.0,0.3,0.6,2.8,NYK,0.548,obi toppin
1.4,0.532,2.7,1.4,0.355,3.9,1.1,22.0,0.3,1.3,2.8,0.427,6.5,0.9,0.812,1.2,59.0,22.0,20.5,0.7,1.7,7.9,Ochai Agbaji,SG,4.0,0.3,0.7,2.1,UTA,0.532,ochai agbaji
4.2,0.539,7.7,2.1,0.387,5.5,2.0,25.0,0.7,3.5,6.3,0.476,13.2,2.1,0.838,2.5,67.0,67.0,35.6,1.4,3.0,16.8,OG Anunoby,SF,14.0,1.9,2.0,5.0,TOR,0.556,og anunoby
1.6,0.636,2.4,0.1,0.125,0.9,0.4,23.0,0.6,2.1,1.7,0.5,3.3,0.6,0.714,0.8,9.0,1.0,12.7,1.3,1.9,4.0,Olivier Sarr,C,431.0,0.1,0.4,3.4,OKC,0.517,olivier sarr
1.4,0.65,2.2,0.3,0.429,0.8,0.2,24.0,0.2,1.7,1.8,0.593,3.0,0.6,0.833,0.7,9.0,0.0,9.2,0.9,1.8,4.4,Omer Yurtseven,C,537.0,0.2,0.4,2.6,MIA,0.648,omer yurtseven
3.9,0.647,6.1,0.1,0.308,0.2,1.0,22.0,1.3,4.5,4.0,0.638,6.2,1.9,0.781,2.5,80.0,18.0,23.1,2.7,3.1,9.9,Onyeka Okongwu,C,372.0,0.7,1.0,7.2,ATL,0.642,onyeka okongwu
1.5,0.566,2.7,0.0,0.0,0.2,0.8,22.0,0.4,2.5,1.5,0.528,2.9,0.7,0.71,1.0,31.0,1.0,13.7,1.5,1.7,3.7,Orlando Robinson,C,417.0,0.4,0.5,4.1,MIA,0.528,orlando robinson
1.2,0.457,2.5,0.7,0.31,2.4,0.7,24.0,0.2,2.4,1.9,0.386,4.9,1.6,0.717,2.2,65.0,2.0,16.7,1.0,1.2,6.1,Oshae Brissett,SF,59.0,0.5,0.5,3.4,IND,0.461,oshae brissett
1.3,0.602,2.1,0.7,0.265,2.5,1.2,19.0,0.2,2.2,1.9,0.42,4.6,0.4,0.652,0.6,39.0,1.0,14.6,0.5,1.1,4.9,Ousmane Dieng,SF,122.0,0.4,0.7,2.7,OKC,0.492,ousmane dieng
5.5,0.471,11.6,1.2,0.298,4.0,3.7,20.0,0.5,5.7,6.7,0.427,15.6,5.5,0.738,7.4,72.0,72.0,33.8,1.2,2.2,20.0,Paolo Banchero,PF,23.0,0.8,2.8,6.9,ORL,0.465,paolo banchero
7.6,0.523,14.5,1.3,0.324,4.0,5.8,28.0,0.5,6.0,8.9,0.48,18.5,5.2,0.774,6.7,71.0,71.0,37.4,1.8,3.2,24.2,Pascal Siakam,C,442.0,0.9,2.4,7.8,TOR,0.515,pascal siakam
0.9,0.566,1.6,1.8,0.339,5.3,1.3,30.0,0.2,3.8,2.7,0.392,6.9,0.4,0.659,0.7,61.0,33.0,23.7,0.8,1.1,7.6,Pat Connaughton,SG,100.0,0.6,0.5,4.6,MIL,0.521,pat connaughton
0.9666666666666667,0.5379999999999999,1.7666666666666666,1.1666666666666667,0.33066666666666666,3.6,3.0,34.0,0.6333333333333333,3.1999999999999997,2.1333333333333333,0.399,5.400000000000001,0.6666666666666666,0.6786666666666666,0.9333333333333332,44.666666666666664,44.666666666666664,27.166666666666668,0.7000000000000001,2.8333333333333335,6.133333333333333,Patrick Beverley,PG,39.0,0.9333333333333332,0.8666666666666667,3.9000000000000004,TOT,0.5093333333333333,patrick beverley
2.4,0.498,4.9,1.4,0.415,3.4,1.2,21.0,0.9,3.0,3.8,0.464,8.3,1.1,0.857,1.3,82.0,65.0,28.3,1.0,1.8,10.2,Patrick Williams,PF,523.0,0.9,1.2,4.0,CHI,0.549,patrick williams
5.4,0.521,10.3,2.8,0.371,7.6,5.1,32.0,0.4,5.3,8.2,0.457,17.9,4.6,0.871,5.3,56.0,56.0,34.6,0.8,2.8,23.8,Paul George,SG,161.0,1.5,3.1,6.1,LAC,0.536,paul george
1.8,0.606,2.9,0.0,0.167,0.1,0.4,23.0,0.7,2.2,1.8,0.593,3.0,0.6,0.745,0.7,69.0,2.0,10.9,1.6,1.8,4.2,Paul Reed,C,409.0,0.7,0.7,3.8,PHI,0.596,paul reed
0.9,0.495,1.9,1.2,0.364,3.2,1.3,25.0,0.0,1.3,2.1,0.412,5.1,0.3,0.75,0.3,48.0,3.0,13.4,0.5,0.8,5.6,Payton Pritchard,PG,400.0,0.3,0.8,1.8,BOS,0.527,payton pritchard
1.0,0.511,2.0,0.3,0.429,0.6,0.5,20.0,0.5,1.3,1.3,0.492,2.6,0.5,0.55,0.9,23.0,2.0,8.1,0.3,0.6,3.3,Peyton Watson,SG,505.0,0.1,0.3,1.6,DEN,0.542,peyton watson
0.5,0.471,1.1,0.1,0.125,1.0,0.6,26.0,0.1,0.8,0.6,0.303,2.1,0.0,0.0,0.0,16.0,0.0,4.9,0.1,0.4,1.4,PJ Dozier,SG,131.0,0.4,0.3,0.9,SAC,0.333,pj dozier
3.0,0.564,5.4,0.5,0.269,2.0,0.9,23.0,0.5,4.1,3.6,0.485,7.3,1.6,0.702,2.3,55.0,12.0,20.7,1.8,1.9,9.2,Precious Achiuwa,C,1.0,0.6,1.1,6.0,TOR,0.521,precious achiuwa
1.8,0.641,2.7,2.2,0.386,5.7,2.1,22.0,0.4,2.5,4.0,0.468,8.5,1.1,0.796,1.4,71.0,66.0,29.9,0.7,2.5,11.3,Quentin Grimes,SG,184.0,0.7,1.0,3.2,NYK,0.599,quentin grimes
2.0,0.6,3.3,0.1,0.083,1.3,1.7,24.0,0.1,0.7,2.1,0.452,4.7,1.9,0.773,2.4,9.0,0.0,15.0,0.2,1.1,6.2,Quenton Jackson,PG,237.0,0.4,0.4,0.9,WAS,0.464,quenton jackson
4.0,0.571,7.0,2.0,0.4,5.0,7.0,23.0,1.0,6.0,6.0,0.5,12.0,2.0,1.0,2.0,1.0,0.0,35.0,3.0,5.0,16.0,RaiQuan Gray,PF,173.0,0.0,4.0,9.0,BRK,0.583,raiquan gray
0.9,0.662,1.4,0.3,0.286,0.9,1.6,30.0,0.1,0.8,1.2,0.518,2.3,0.6,0.912,0.7,48.0,1.0,10.5,0.2,1.0,3.3,Raul Neto,PG,359.0,0.4,0.5,1.0,CLE,0.573,raul neto
0.5,0.562,0.9,1.9,0.38,5.1,1.4,31.0,0.2,3.2,2.5,0.409,6.0,0.3,0.703,0.5,78.0,55.0,30.3,0.4,2.1,7.2,Reggie Bullock,SF,71.0,0.7,0.5,3.6,DAL,0.569,reggie bullock
2.3333333333333335,0.48100000000000004,4.866666666666666,1.3666666666666665,0.32066666666666666,4.233333333333333,3.3333333333333335,32.0,0.10000000000000002,1.7333333333333334,3.6999999999999997,0.40399999999999997,9.066666666666668,0.9333333333333332,0.8889999999999999,1.0666666666666667,45.333333333333336,26.666666666666668,23.333333333333332,0.3333333333333333,1.6333333333333335,9.666666666666666,Reggie Jackson,PG,238.0,0.6666666666666666,1.5666666666666667,2.0333333333333337,TOT,0.47866666666666663,reggie jackson
1.2,0.617,1.9,0.1,0.625,0.2,0.2,29.0,0.3,1.2,1.3,0.618,2.1,0.4,0.789,0.5,42.0,1.0,8.3,0.7,1.2,3.1,Richaun Holmes,C,216.0,0.1,0.3,1.9,SAC,0.646,richaun holmes
1.2,0.417,2.9,0.6,0.256,2.5,3.5,32.0,0.2,1.8,1.8,0.343,5.4,0.8,0.8,1.1,33.0,2.0,17.2,0.3,1.5,5.2,Ricky Rubio,PG,425.0,0.8,0.9,2.1,CLE,0.402,ricky rubio
5.3,0.495,10.8,1.7,0.31,5.3,2.8,22.0,0.2,4.2,7.0,0.434,16.1,4.0,0.74,5.4,73.0,73.0,33.9,0.8,2.5,19.6,RJ Barrett,SG,29.0,0.4,2.2,5.0,NYK,0.485,rj barrett
1.0,0.516,1.9,1.1,0.397,2.8,1.2,32.0,0.7,2.8,2.1,0.445,4.8,0.6,0.75,0.8,48.0,0.0,16.2,0.6,1.8,6.0,Robert Covington,PF,102.0,0.8,0.7,3.5,LAC,0.563,robert covington
3.6,0.751,4.8,0.0,0.0,0.0,1.4,25.0,1.4,5.4,3.6,0.747,4.9,0.7,0.61,1.2,35.0,20.0,23.5,3.0,1.9,8.0,Robert Williams,C,524.0,0.6,1.0,8.3,BOS,0.747,robert williams
1.2,0.648,1.9,0.1,0.5,0.1,0.5,34.0,0.2,0.8,1.3,0.64,2.0,0.4,0.778,0.5,37.0,2.0,8.1,0.6,1.2,3.0,Robin Lopez,C,298.0,0.1,0.7,1.4,CLE,0.653,robin lopez
0.7,0.382,1.7,1.3,0.423,3.0,0.9,31.0,0.0,1.7,1.9,0.408,4.8,0.6,0.818,0.7,32.0,12.0,16.4,0.6,1.2,5.7,Rodney McGruder,SG,327.0,0.5,0.3,2.3,DET,0.543,rodney mcgruder
2.4,0.53,4.6,0.4,0.262,1.4,1.2,23.0,0.3,1.3,2.8,0.467,6.0,0.9,0.696,1.3,43.0,21.0,19.6,1.3,1.6,6.9,Romeo Langford,SG,281.0,0.6,0.7,2.7,SAS,0.498,romeo langford
0.9,0.379,2.3,2.1,0.389,5.5,3.7,29.0,0.6,4.3,3.0,0.386,7.8,0.7,0.725,0.9,76.0,53.0,31.7,0.7,3.1,8.8,Royce O'Neale,SF,369.0,0.9,1.5,5.1,BRK,0.524,royce o'neale
1.4,0.484,2.8,0.6,0.254,2.3,1.0,36.0,0.3,2.3,1.9,0.38,5.1,0.8,0.857,0.9,56.0,0.0,14.6,0.6,1.2,5.2,Rudy Gay,PF,160.0,0.3,0.7,2.9,UTA,0.437,rudy gay
5.1,0.663,7.8,0.0,0.0,0.0,1.2,30.0,1.4,8.3,5.1,0.659,7.8,3.1,0.644,4.9,70.0,70.0,30.7,3.3,3.0,13.4,Rudy Gobert,C,167.0,0.8,1.7,11.6,MIN,0.659,rudy gobert
3.733333333333333,0.5503333333333335,6.733333333333333,0.7999999999999999,0.3173333333333333,2.566666666666667,0.9333333333333332,24.0,0.4000000000000001,3.6666666666666665,4.533333333333333,0.48633333333333334,9.333333333333334,1.4000000000000001,0.7396666666666666,1.8666666666666665,42.0,6.0,23.333333333333332,0.7999999999999999,1.1333333333333335,11.266666666666666,Rui Hachimura,PF,185.0,0.3,0.8333333333333334,4.5,TOT,0.5296666666666666,rui hachimura
4.733333333333333,0.498,9.533333333333333,1.2,0.321,3.8333333333333335,7.533333333333334,34.0,0.4666666666666666,4.333333333333333,5.933333333333334,0.44733333333333336,13.366666666666667,2.733333333333333,0.6563333333333333,4.166666666666667,48.666666666666664,16.0,29.333333333333332,1.2333333333333334,2.1666666666666665,15.866666666666667,Russell Westbrook,PG,507.0,1.0333333333333334,3.466666666666667,5.633333333333333,TOT,0.49300000000000005,russell westbrook
0.06666666666666667,0.051333333333333335,0.7333333333333334,0.43333333333333335,0.3436666666666666,1.2333333333333334,1.2333333333333332,28.0,0.0,0.7999999999999999,0.5,0.231,2.0,0.0,0.0,0.0,13.333333333333334,2.6666666666666665,9.066666666666666,0.0,0.9333333333333332,1.4000000000000001,Ryan Arcidiacono,PG,15.0,0.26666666666666666,0.39999999999999997,0.7999999999999999,TOT,0.33666666666666667,ryan arcidiacono
0.3,0.364,0.9,0.3,0.333,0.8,0.5,20.0,0.1,0.8,0.6,0.35,1.7,0.5,1.0,0.5,12.0,0.0,5.2,0.3,0.8,1.9,Ryan Rollins,PG,421.0,0.1,1.3,1.0,GSW,0.425,ryan rollins
1.5,0.6053333333333333,2.966666666666667,0.3,0.24866666666666667,1.0,2.1666666666666665,23.0,0.0,0.9,1.8333333333333333,0.516,3.9666666666666663,1.1666666666666667,0.49133333333333334,1.5999999999999999,16.666666666666668,0.6666666666666666,11.9,0.3666666666666667,1.0333333333333334,5.1000000000000005,Saben Lee,PG,286.0,0.7000000000000001,1.1333333333333333,1.2666666666666666,TOT,0.5466666666666666,saben lee
2.5666666666666664,0.49833333333333335,5.2,1.9666666666666668,0.36866666666666664,5.333333333333333,1.5,23.0,0.13333333333333333,3.3666666666666667,4.533333333333333,0.432,10.6,2.4,0.8613333333333334,2.766666666666667,51.333333333333336,24.666666666666668,27.2,1.3333333333333333,1.5999999999999999,13.4,Saddiq Bey,SF,40.0,0.9,0.8666666666666667,4.733333333333333,TOT,0.5263333333333333,saddiq bey
0.5,0.656,0.8,1.8,0.418,4.2,0.9,25.0,0.3,2.1,2.3,0.455,5.0,0.2,0.706,0.2,80.0,8.0,16.1,0.4,1.2,6.4,Sam Hauser,PF,202.0,0.4,0.4,2.6,BOS,0.631,sam hauser
0.8,1.0,0.8,1.0,0.278,3.6,1.0,26.0,0.0,1.8,1.8,0.409,4.4,0.4,1.0,0.4,5.0,0.0,11.8,0.0,0.6,5.0,Sam Merrill,SG,330.0,0.8,0.0,1.8,CLE,0.523,sam merrill
1.6666666666666667,0.49900000000000005,3.1999999999999997,0.7333333333333334,0.28833333333333333,2.3666666666666667,1.5,23.0,0.3,2.8000000000000003,2.4,0.401,5.599999999999999,0.9333333333333332,0.681,1.4000000000000001,28.666666666666668,4.666666666666667,15.866666666666667,1.7000000000000002,1.2333333333333334,6.433333333333334,Sandro Mamukelashvili,C,303.0,0.3333333333333333,0.8666666666666667,4.466666666666666,TOT,0.465,sandro mamukelashvili
5.2,0.505,10.3,0.8,0.281,2.9,4.8,21.0,0.8,4.3,6.0,0.456,13.2,2.5,0.772,3.2,77.0,76.0,34.8,2.3,2.2,15.3,Scottie Barnes,PF,28.0,1.1,2.0,6.6,TOR,0.487,scottie barnes
1.3,0.556,2.3,0.4,0.333,1.1,0.3,33.0,0.4,1.8,1.6,0.481,3.4,0.5,0.615,0.8,16.0,0.0,11.6,0.9,1.4,4.1,Serge Ibaka,C,226.0,0.1,0.7,2.8,MIL,0.537,serge ibaka
1.9,0.525,3.6,1.5,0.405,3.8,1.6,32.0,0.1,1.4,3.4,0.463,7.4,0.8,0.927,0.9,61.0,7.0,19.9,0.2,1.6,9.2,Seth Curry,SG,107.0,0.6,0.8,1.6,BRK,0.568,seth curry
2.6,0.559,4.6,1.3,0.36,3.5,1.2,19.0,0.3,2.2,3.8,0.472,8.1,0.9,0.714,1.3,80.0,15.0,22.2,0.8,1.7,9.9,Shaedon Sharpe,SG,441.0,0.5,1.0,3.0,POR,0.551,shaedon sharpe
9.5,0.533,17.8,0.9,0.345,2.5,5.5,24.0,1.0,4.0,10.4,0.51,20.3,9.8,0.905,10.9,68.0,68.0,35.5,0.9,2.8,31.4,Shai Gilgeous-Alexander,PG,164.0,1.6,2.8,4.8,OKC,0.531,shai gilgeous-alexander
2.4,0.521,4.7,0.7,0.378,1.9,3.2,26.0,0.2,2.0,3.2,0.479,6.6,1.3,0.853,1.5,76.0,11.0,20.6,0.5,1.6,8.4,Shake Milton,SG,334.0,0.3,1.2,2.5,PHI,0.535,shake milton
2.4,0.462,5.2,0.6,0.3,2.0,6.0,29.0,0.4,4.2,3.0,0.417,7.2,2.2,0.733,3.0,5.0,0.0,24.0,0.2,2.4,8.8,Shaquille Harrison,SG,198.0,2.2,1.2,4.4,POR,0.458,shaquille harrison
1.0,0.43,2.3,1.2,0.33,3.7,0.8,27.0,0.2,1.1,2.2,0.369,6.0,0.7,0.795,0.8,52.0,6.0,14.7,0.6,1.2,6.3,Simone Fontecchio,SF,148.0,0.3,0.8,1.7,UTA,0.47,simone fontecchio
3.7,0.524,7.0,2.0,0.462,4.3,8.3,25.0,0.2,2.8,5.7,0.5,11.3,2.0,0.923,2.2,6.0,6.0,31.5,0.3,1.8,15.3,Skylar Mays,SG,317.0,1.0,1.7,3.2,POR,0.588,skylar mays
3.6,0.49666666666666665,7.266666666666667,2.1999999999999997,0.35433333333333333,6.1000000000000005,6.966666666666666,29.0,0.3,3.1999999999999997,5.766666666666667,0.4323333333333334,13.366666666666667,3.466666666666667,0.81,4.266666666666667,52.666666666666664,52.666666666666664,34.63333333333333,0.3666666666666667,2.3666666666666667,17.166666666666668,Spencer Dinwiddie,PG,123.0,0.8666666666666667,1.8666666666666665,3.533333333333333,TOT,0.5146666666666667,spencer dinwiddie
1.6,0.573,2.7,0.6,0.45,1.3,2.2,26.0,0.2,2.4,2.2,0.533,4.1,0.9,0.667,1.3,30.0,0.0,15.6,0.7,1.6,5.8,Stanley Johnson,SF,248.0,0.5,1.1,3.2,SAS,0.607,stanley johnson
0.0,0.0,0.0,0.0,0.0,1.0,0.0,23.0,1.0,0.0,0.0,0.0,1.0,2.0,1.0,2.0,1.0,0.0,2.0,0.0,0.0,2.0,Stanley Umude,SG,482.0,1.0,0.0,0.0,DET,0.0,stanley umude
5.1,0.579,8.8,4.9,0.427,11.4,6.3,34.0,0.4,5.4,10.0,0.493,20.2,4.6,0.915,5.0,56.0,56.0,34.7,0.7,2.1,29.4,Stephen Curry,PG,108.0,0.9,3.2,6.1,GSW,0.614,stephen curry
0.0,0.0,0.5,0.0,0.0,0.5,0.5,27.0,0.0,1.3,0.0,0.0,1.0,0.0,0.0,0.0,4.0,0.0,6.0,0.8,1.0,0.0,Sterling Brown,SG,67.0,0.8,0.0,2.0,LAL,0.0,sterling brown
3.7,0.599,6.2,0.0,0.0,0.0,2.3,29.0,1.1,6.5,3.7,0.597,6.3,1.1,0.364,3.1,42.0,42.0,27.0,5.1,2.3,8.6,Steven Adams,C,2.0,0.9,1.9,11.5,MEM,0.597,steven adams
1.2,0.564,2.1,0.2,0.333,0.5,0.7,37.0,0.2,1.2,1.3,0.52,2.6,0.6,0.714,0.9,49.0,2.0,9.8,0.7,1.7,3.4,Taj Gibson,C,162.0,0.3,0.5,1.9,WAS,0.552,taj gibson
3.1,0.485,6.3,0.9,0.286,3.1,3.8,22.0,0.4,2.6,4.0,0.419,9.4,1.9,0.75,2.6,65.0,20.0,20.2,0.6,1.7,10.7,Talen Horton-Tucker,SG,218.0,0.6,1.9,3.2,UTA,0.467,talen horton-tucker
2.9,0.486,6.0,0.7,0.343,2.1,1.1,21.0,0.6,3.7,3.6,0.448,8.0,1.3,0.752,1.8,82.0,5.0,21.5,2.4,2.3,9.3,Tari Eason,PF,139.0,1.2,1.2,6.0,HOU,0.493,tari eason
1.9,0.557,3.4,1.4,0.381,3.6,1.6,28.0,0.3,2.2,3.3,0.467,7.0,1.2,0.844,1.4,54.0,4.0,22.1,0.3,2.3,9.1,Taurean Prince,SF,399.0,0.5,1.3,2.4,MIN,0.565,taurean prince
2.4,0.598,4.0,1.0,0.389,2.4,2.3,26.0,0.3,2.5,3.4,0.519,6.5,1.1,0.78,1.5,81.0,36.0,23.1,1.0,1.8,8.8,Terance Mann,SG,304.0,0.5,1.0,3.4,LAC,0.593,terance mann
1.0,0.537,1.9,1.4,0.366,3.8,1.0,25.0,0.2,1.9,2.4,0.423,5.7,0.5,0.791,0.7,64.0,5.0,13.1,0.3,1.6,6.7,Terence Davis,SG,112.0,0.7,0.8,2.2,SAC,0.545,terence davis
1.7,0.5133333333333333,3.266666666666667,1.5333333333333332,0.36533333333333334,4.2,1.5999999999999999,31.0,0.16666666666666666,2.2,3.233333333333333,0.42966666666666664,7.466666666666666,0.4666666666666666,0.8003333333333332,0.5666666666666667,42.0,6.0,20.666666666666668,0.3666666666666667,1.6333333333333335,8.433333333333334,Terrence Ross,SG,423.0,0.5666666666666667,0.6333333333333333,2.5666666666666664,TOT,0.5316666666666667,terrence ross
5.2,0.48,10.8,2.6,0.327,8.0,5.1,28.0,0.3,3.3,7.8,0.415,18.9,2.8,0.809,3.5,63.0,63.0,35.3,0.8,1.9,21.1,Terry Rozier,SG,424.0,1.2,2.1,4.1,CHO,0.484,terry rozier
1.2333333333333334,0.6829999999999999,1.8,0.20000000000000004,0.49499999999999994,0.5,0.2333333333333333,23.0,0.20000000000000004,0.6333333333333333,1.4333333333333333,0.6273333333333334,2.3000000000000003,0.20000000000000004,0.503,0.5,20.666666666666668,1.3333333333333333,8.166666666666666,0.9,0.7000000000000001,3.1999999999999997,Terry Taylor,PF,466.0,0.06666666666666667,0.19999999999999998,1.5333333333333332,TOT,0.665,terry taylor
1.9,0.622,3.0,0.1,0.176,0.6,1.4,34.0,0.1,1.8,2.0,0.545,3.7,0.3,0.692,0.5,54.0,9.0,14.7,1.3,1.6,4.4,Thaddeus Young,PF,535.0,1.0,0.8,3.1,TOR,0.561,thaddeus young
0.5,0.526,1.0,0.0,0.0,0.2,0.4,30.0,0.1,0.8,0.5,0.435,1.2,0.3,0.5,0.6,37.0,0.0,5.6,0.4,0.6,1.4,Thanasis Antetokounmpo,SF,12.0,0.1,0.3,1.2,MIL,0.435,thanasis antetokounmpo
0.2,0.36,0.6,0.6,0.355,1.6,1.2,27.0,0.0,1.3,0.8,0.356,2.2,0.3,0.846,0.3,40.0,1.0,8.1,0.3,0.9,2.4,Theo Pinson,SG,383.0,0.2,0.3,1.6,DAL,0.483,theo pinson
3.1333333333333333,0.6156666666666667,4.8999999999999995,0.3666666666666667,0.44166666666666665,0.9,0.43333333333333335,25.0,0.5,3.9333333333333336,3.5,0.5873333333333334,5.8,1.4333333333333333,0.7336666666666667,1.9000000000000001,39.333333333333336,17.333333333333332,17.033333333333335,1.4000000000000001,1.6666666666666667,8.833333333333334,Thomas Bryant,C,70.0,0.2333333333333333,0.6333333333333333,5.266666666666667,TOT,0.6216666666666667,thomas bryant
4.0,0.57,7.0,1.7,0.389,4.4,2.5,30.0,0.5,4.8,5.7,0.501,11.4,1.5,0.876,1.7,74.0,74.0,32.9,0.9,2.0,14.7,Tobias Harris,PF,197.0,0.9,1.2,5.7,PHI,0.575,tobias harris
0.3,0.429,0.6,0.3,0.6,0.4,0.1,25.0,0.1,0.8,0.5,0.5,1.0,0.3,1.0,0.3,12.0,0.0,2.8,0.1,0.2,1.6,Tony Bradley,C,54.0,0.1,0.1,0.9,CHI,0.625,tony bradley
1.6,0.518,3.1,1.3,0.395,3.2,1.5,32.0,0.8,3.6,2.9,0.456,6.3,0.4,0.711,0.6,79.0,60.0,24.7,1.8,2.3,7.4,Torrey Craig,SF,103.0,0.6,0.9,5.4,PHO,0.556,torrey craig
6.1,0.476,12.7,2.1,0.335,6.3,10.2,24.0,0.1,2.2,8.2,0.429,19.0,7.8,0.886,8.8,73.0,73.0,34.8,0.8,1.4,26.2,Trae Young,PG,536.0,1.1,4.1,3.0,ATL,0.485,trae young
4.4,0.506,8.6,0.7,0.285,2.3,6.6,23.0,0.1,2.8,5.0,0.459,10.9,2.2,0.86,2.5,68.0,65.0,29.2,0.8,1.4,12.9,Tre Jones,PG,255.0,1.3,1.6,3.6,SAS,0.489,tre jones
1.7,0.475,3.6,1.2,0.315,3.8,1.8,21.0,0.2,1.9,2.9,0.393,7.5,0.6,0.764,0.8,67.0,5.0,17.7,0.4,1.5,7.7,Tre Mann,PG,305.0,0.6,0.9,2.3,OKC,0.474,tre mann
2.5,0.602,4.2,0.4,0.391,1.0,2.1,22.0,0.2,3.2,2.9,0.56,5.2,1.2,0.72,1.6,62.0,12.0,19.1,0.7,1.9,7.4,Trendon Watford,PF,504.0,0.5,1.1,3.8,POR,0.599,trendon watford
1.1,0.431,2.5,0.0,0.0,0.1,1.7,24.0,0.1,1.4,1.1,0.417,2.6,0.1,0.667,0.1,23.0,3.0,12.0,0.2,0.7,2.3,Trent Forrest,PG,150.0,0.3,0.7,1.6,ATL,0.417,trent forrest
0.7,0.357,2.0,0.3,0.133,2.1,0.9,25.0,0.7,1.3,1.0,0.241,4.1,0.7,1.0,0.7,7.0,0.0,10.0,1.1,0.6,3.0,Trevelin Queen,SG,401.0,0.3,1.0,2.4,IND,0.276,trevelin queen
0.0,0.0,0.2,0.4,0.25,1.6,0.6,23.0,0.0,0.0,0.4,0.222,1.8,0.6,1.0,0.6,5.0,0.0,5.6,0.0,0.2,1.8,Trevor Hudgins,PG,221.0,0.0,0.2,0.0,HOU,0.333,trevor hudgins
0.0,0.0,0.0,0.3,0.25,1.3,0.0,19.0,0.0,0.7,0.3,0.25,1.3,0.0,0.0,0.0,3.0,0.0,2.7,0.0,0.0,1.0,Trevor Keels,SG,263.0,0.0,0.0,0.7,NYK,0.375,trevor keels
1.4,0.595,2.3,1.2,0.363,3.2,0.9,27.0,0.4,3.1,2.5,0.458,5.5,1.4,0.815,1.7,74.0,0.0,16.9,0.9,1.3,7.6,Trey Lyles,PF,301.0,0.4,0.9,4.1,SAC,0.565,trey lyles
1.8,0.546,3.4,0.8,0.389,2.0,3.0,25.0,0.1,1.6,2.6,0.488,5.4,0.8,0.927,0.9,45.0,2.0,18.1,0.2,1.4,6.9,Ty Jerome,SG,240.0,0.5,0.7,1.7,GSW,0.56,ty jerome
1.0,1.0,1.0,0.3,0.5,0.7,0.0,26.0,0.0,0.3,1.3,0.8,1.7,0.0,0.0,0.0,3.0,0.0,2.7,0.3,0.0,3.0,Tyler Dorsey,SG,126.0,0.0,0.0,0.7,DAL,0.9,tyler dorsey
4.2,0.497,8.5,3.0,0.378,8.0,4.2,23.0,0.2,5.0,7.3,0.439,16.6,2.5,0.934,2.7,67.0,67.0,34.9,0.4,1.5,20.1,Tyler Herro,SG,208.0,0.8,2.4,5.4,MIA,0.531,tyler herro
4.5,0.572,7.8,2.9,0.4,7.2,10.4,22.0,0.4,3.1,7.4,0.49,15.0,3.1,0.871,3.6,56.0,56.0,33.6,0.6,1.2,20.7,Tyrese Haliburton,PG,186.0,1.6,2.5,3.7,IND,0.586,tyrese haliburton
0.5,0.5,1.0,0.1,0.143,0.4,0.1,23.0,0.0,0.4,0.6,0.391,1.4,0.1,1.0,0.1,16.0,0.0,4.1,0.3,0.1,1.3,Tyrese Martin,SG,312.0,0.1,0.1,0.8,ATL,0.413,tyrese martin
4.7,0.513,9.1,2.7,0.434,6.2,3.5,22.0,0.1,2.6,7.3,0.481,15.2,3.0,0.845,3.6,60.0,41.0,33.6,0.4,2.2,20.3,Tyrese Maxey,SG,316.0,0.8,1.3,2.9,PHI,0.568,tyrese maxey
2.4,0.495,4.8,1.5,0.371,4.1,5.2,26.0,0.1,2.2,3.9,0.438,8.9,1.0,0.8,1.3,80.0,22.0,24.3,0.4,0.4,10.3,Tyus Jones,PG,256.0,1.0,0.9,2.5,MEM,0.523,tyus jones
1.6,0.819,2.0,0.0,0.0,0.0,0.3,23.0,0.4,2.4,1.6,0.819,2.0,0.2,0.35,0.6,36.0,4.0,10.0,0.9,0.9,3.5,Udoka Azubuike,C,18.0,0.2,0.5,3.3,UTA,0.819,udoka azubuike
1.0,0.35,2.9,0.4,0.333,1.3,0.0,42.0,0.3,1.0,1.4,0.345,4.1,0.6,0.8,0.7,7.0,1.0,10.1,0.6,1.6,3.9,Udonis Haslem,C,201.0,0.1,0.1,1.6,MIA,0.397,udonis haslem
0.8,0.525,1.6,0.3,0.407,0.8,0.9,20.0,0.4,2.5,1.1,0.486,2.4,0.4,0.617,0.6,75.0,1.0,12.9,1.6,1.8,3.0,Usman Garuba,PF,158.0,0.6,0.6,4.1,HOU,0.554,usman garuba
2.1,0.471,4.5,1.7,0.33,5.0,3.5,30.0,0.3,2.7,3.8,0.397,9.6,1.4,0.747,1.9,42.0,2.0,26.3,0.4,2.4,10.7,Victor Oladipo,SG,375.0,1.4,2.1,3.0,MIA,0.484,victor oladipo
0.3,0.625,0.6,0.2,0.238,0.7,0.6,22.0,0.0,0.7,0.5,0.405,1.3,0.0,0.5,0.1,29.0,0.0,5.7,0.2,0.6,1.2,Vit Krejci,PG,276.0,0.2,0.2,0.9,ATL,0.473,vit krejci
4.0,0.723,5.6,0.0,0.333,0.0,0.9,21.0,2.3,5.3,4.0,0.72,5.6,1.1,0.516,2.1,74.0,40.0,23.0,3.1,2.3,9.2,Walker Kessler,C,265.0,0.4,0.8,8.4,UTA,0.721,walker kessler
2.1,0.647,3.3,0.1,0.278,0.5,0.5,25.0,0.5,2.5,2.3,0.596,3.8,0.8,0.619,1.2,68.0,2.0,15.1,1.7,2.1,5.5,Wenyen Gabriel,PF,155.0,0.4,0.7,4.2,LAL,0.615,wenyen gabriel
0.4,0.528,0.7,0.8,0.315,2.4,0.7,36.0,0.3,1.5,1.1,0.363,3.1,0.5,0.857,0.5,52.0,0.0,15.8,0.7,1.4,3.4,Wesley Matthews,SG,315.0,0.4,0.3,2.2,MIL,0.484,wesley matthews
1.2333333333333334,0.38800000000000007,3.1,1.1333333333333333,0.359,3.1,1.8333333333333333,32.0,0.2333333333333333,2.0,2.3666666666666667,0.373,6.166666666666667,0.5666666666666667,0.855,0.6666666666666666,37.333333333333336,1.3333333333333333,16.833333333333332,0.3,1.0333333333333334,6.333333333333333,Will Barton,SG,30.0,0.5333333333333333,0.7333333333333334,2.2666666666666666,TOT,0.4633333333333333,will barton
1.7,0.63,2.7,0.0,0.0,0.1,0.6,27.0,0.4,2.2,1.7,0.607,2.8,0.4,0.4,1.0,10.0,1.0,12.6,1.6,1.3,3.8,Xavier Cooks,PF,101.0,0.6,0.8,3.8,WAS,0.607,xavier cooks
0.5,0.333,1.5,0.3,0.333,0.8,1.3,28.0,0.0,0.8,0.8,0.333,2.3,0.0,0.0,0.0,4.0,0.0,5.0,0.0,0.5,1.8,Xavier Moon,SG,344.0,0.0,0.3,0.8,LAC,0.389,xavier moon
0.5,0.5,1.0,0.8,0.5,1.5,1.3,25.0,0.3,1.3,1.3,0.5,2.5,1.0,1.0,1.0,4.0,0.0,12.0,0.0,1.8,4.3,Xavier Sneed,SF,455.0,0.0,0.8,1.3,CHO,0.65,xavier sneed
0.9,0.557,1.7,1.0,0.444,2.3,0.8,28.0,0.3,1.9,2.0,0.491,4.0,0.6,0.723,0.8,58.0,1.0,16.0,0.5,1.4,5.6,Yuta Watanabe,SF,502.0,0.4,0.4,2.4,BRK,0.621,yuta watanabe
3.6,0.571,6.4,0.9,0.374,2.3,2.9,25.0,0.8,4.5,4.5,0.518,8.7,1.7,0.761,2.3,63.0,26.0,22.9,1.8,3.2,11.6,Zach Collins,C,97.0,0.6,2.0,6.4,SAS,0.568,zach collins
6.1,0.556,11.0,2.6,0.375,7.1,4.2,27.0,0.2,3.9,8.7,0.485,18.0,4.7,0.848,5.6,77.0,77.0,35.9,0.5,2.1,24.8,Zach LaVine,SG,283.0,0.9,2.5,4.5,CHI,0.558,zach lavine
1.8,0.71,2.5,0.3,0.262,1.2,0.3,22.0,0.4,1.4,2.1,0.561,3.7,0.8,0.645,1.2,53.0,5.0,13.7,1.2,2.0,5.2,Zeke Nnaji,PF,362.0,0.3,0.6,2.6,DEN,0.605,zeke nnaji
1.6,0.596,2.7,0.7,0.258,2.6,0.9,21.0,0.2,1.7,2.3,0.429,5.3,0.5,0.773,0.6,37.0,4.0,15.2,0.4,1.6,5.7,Ziaire Williams,SF,526.0,0.4,1.0,2.1,MEM,0.492,ziaire williams
9.6,0.618,15.5,0.2,0.368,0.7,4.6,22.0,0.6,5.0,9.8,0.608,16.2,6.1,0.714,8.6,29.0,29.0,33.0,2.0,2.2,26.0,Zion Williamson,PF,527.0,1.1,3.4,7.0,NOP,0.615,zion williamson
